id;category_name;question;correct;wrong_1;wrong_2;wrong_3;source;source_page;official_pdf_page;option_status;option_method;explanation
A1;Stavební zákon;Záměrem se rozumí;stavba, soubor staveb, zařízení, údržba dokončené stavby, změna využití území, dělení nebo scelování pozemků a stanovení ochranného pásma;pouze nová stavba, změna dokončené stavby a odstranění stavby;stavba nebo soubor staveb včetně pozemku, na kterém jsou umístěny;výstavba, změna stavby, změna využití stavby a kolaudace stavby;§ 4 odst. 1 stavebního zákona;1;52;reviewed;individuálně zkontrolované možnosti;
A2;Stavební zákon;Stavbou se rozumí;stavební dílo, které vzniká stavební nebo montážní činností ze stavebních výrobků, materiálů nebo konstrukcí za účelem užívání na určitém místě;jakékoli dílo pevně spojené se zemí, bez ohledu na způsob jeho vzniku;pouze stavební dílo vyžadující povolení stavebního úřadu;soubor stavebních výrobků a konstrukcí určených k trvalému užívání;§ 5 odst. 1 stavebního zákona;1;52;reviewed;individuálně zkontrolované možnosti;
A3;Stavební zákon;Považuje se za stavbu také výrobek plnící funkci stavby?;Ano;Ne;Ano, ale pouze pokud je výrobek pevně spojen se zemí;Ano, ale pouze pokud jeho umístění vyžaduje povolení záměru;§ 5 odst. 1 věta poslední stavebního zákona;1;52;reviewed;individuálně zkontrolované možnosti;
A4;Stavební zákon;Musí být stavba pevně spojena se zemí?;Ne;Ano;Ne, ale pouze jde-li o dočasnou stavbu;Ano, s výjimkou výrobků plnících funkci stavby;§ 5 odst. 1 stavebního zákona;1;52;reviewed;individuálně zkontrolované možnosti;
A5;Stavební zákon;Stavební zákon dělí stavby na;drobné, jednoduché, vyhrazené a ostatní;drobné, jednoduché, obecné a zvláštní;jednoduché, složité, vyhrazené a ostatní;drobné, běžné, významné a vyhrazené;§ 5 odst. 2 stavebního zákona a přílohy č. 1, 2 a 3 ke stavebnímu zákonu;1;52;reviewed;individuálně zkontrolované možnosti;
A6;Stavební zákon;Dočasnou stavbou se rozumí;stavba, u které stavební úřad předem omezí dobu jejího trvání;stavba, jejíž předpokládaná životnost nepřesahuje 5 let;stavba určená pouze k dočasnému nebo sezónnímu užívání;stavba, kterou lze odstranit bez změny okolního území;§ 5 odst. 5 stavebního zákona;1;52;reviewed;individuálně zkontrolované možnosti;
A7;Stavební zákon;Používá-li stavební zákon pojem stavba, rozumí tím podle okolností také její část nebo změna dokončené stavby?;Ano;Ne;Pouze její část, nikoliv změna dokončené stavby;Pouze změna dokončené stavby, nikoliv její část;§ 5 odst. 6 stavebního zákona;1;52;reviewed;individuálně zkontrolované možnosti;
A8;Stavební zákon;Souborem staveb se rozumí;vzájemně související stavby, jimiž se v rámci jednoho záměru uskutečňuje výstavba na souvislém území nebo za společným účelem;několik staveb umístěných na jednom stavebním pozemku;hlavní stavba a všechny její vedlejší stavby;stavby jednoho vlastníka, které spolu provozně souvisejí;§ 5 odst. 3 stavebního zákona;1;52;reviewed;individuálně zkontrolované možnosti;
A9;Stavební zákon;Stavbou hlavní v rámci souboru staveb se rozumí;stavba, která určuje účel výstavby souboru staveb.;stavba s největší zastavěnou plochou v souboru;stavba, která byla v souboru staveb povolena jako první;stavba, k níž jsou ostatní stavby konstrukčně připojeny;§ 5 odst. 4 stavebního zákona;1;52;reviewed;individuálně zkontrolované možnosti;
A10;Stavební zákon;Musí soubor staveb vždy obsahovat stavbu hlavní?;Ano.;Ne;Pouze obsahuje-li více než dvě stavby;Pouze pokud jde o stavby s rozdílným způsobem využití;§ 5 odst. 4 stavebního zákona;1;52;reviewed;individuálně zkontrolované možnosti;
A11;Stavební zákon;Rozumí se změnou dokončené stavby pouze nástavba, přístavba a stavební úprava?;Ne, změnou dokončené stavby se rozumí také změna v užívání stavby;Ano;Ne, změnou dokončené stavby se rozumí také odstranění části stavby;Ne, patří sem také změna využití pozemku bez změny stavby;§ 6 odst. 2 písm. e) stavebního zákona;1;52;reviewed;individuálně zkontrolované možnosti;
A12;Stavební zákon;Může stavební úpravou dojít ke změně výšky stavby?;Ne, v případě změny výšky stavby se jedná o nástavbu.;Ano, pokud nedojde ke změně půdorysu stavby;Ano, pokud změna výšky nepřesáhne jedno podlaží;Ne, změna výšky stavby se považuje za přístavbu;§ 6 odst. 1 písm. c) stavebního zákona;1;52;reviewed;individuálně zkontrolované možnosti;
A13;Stavební zákon;Rozumí se staveništěm také místo, na kterém se stavba odstraňuje?;Ano;Ne;Pouze pokud se současně provádí nová stavba;Pouze u odstranění stavby na základě rozhodnutí stavebního úřadu;§ 9 odst. 1 stavebního zákona;1;52;reviewed;individuálně zkontrolované možnosti;
A14;Stavební zákon;Stavebním pozemkem se rozumí;pozemek, jeho část nebo soubor pozemků vymezený a určený k zastavění;výhradně pozemek evidovaný v katastru nemovitostí jako zastavěná plocha;pozemek, na kterém již byla povolena alespoň jedna stavba;pouze jeden souvislý pozemek určený územním plánem k zastavění;§ 12 písm. b) stavebního zákona;1;52;reviewed;individuálně zkontrolované možnosti;
A15;Stavební zákon;Uliční čarou se rozumí;hranice mezi pozemky a veřejným prostranstvím;hranice mezi zastavěnou a nezastavěnou částí stavebního pozemku;čára určující závaznou polohu průčelí stavby;hranice mezi místní komunikací a přilehlou stavbou;§ 12 písm. m) stavebního zákona;1;52;reviewed;individuálně zkontrolované možnosti;
A16;Stavební zákon;Stavební čarou se rozumí;rozhraní mezi stavbou a nezastavěnou částí pozemku, která určuje polohu hrany stavby ve výši rostlého nebo upraveného terénu;hranice mezi stavebním pozemkem a veřejným prostranstvím;hranice zastavitelné části pozemku stanovená územním plánem;čára určující největší přípustnou výšku stavby;§ 12 písm. n) stavebního zákona;2;53;reviewed;individuálně zkontrolované možnosti;
A17;Stavební zákon;Stavební prolukou se rozumí;nezastavěný prostor ve stávající souvislé zástavbě, včetně nezastavěného nároží, který je určen k zastavění;nezastavěný pozemek mezi dvěma libovolnými stavbami;volná plocha uvnitř zastavěného území, která nesmí být zastavěna;mezera mezi dvěma stavbami sloužící k jejich požárnímu oddělení;§ 12 písm. o) stavebního zákona;2;53;reviewed;individuálně zkontrolované možnosti;
A18;Stavební zákon;Může být budova stavebně otevřená (např. přístřešek)?;ne, budova musí být navenek převážně uzavřená obvodovými stěnami a střešní konstrukcí.;Ano, pokud má alespoň střechu;Ano, pokud je alespoň z jedné strany uzavřena obvodovou stěnou;Ano, pokud je určena k trvalému užívání osobami;§ 13 písm. a) stavebního zákona;2;53;reviewed;individuálně zkontrolované možnosti;
A19;Stavební zákon;Je rodinným domem stavba pro bydlení, která obsahuje i třetí nadzemní podlaží?;Ano, pokud je třetí nadzemní podlaží ustoupené od vnějšího líce obvodové stěny budovy orientované k uliční čáře alespoň o 2 metry;Ne, rodinný dům může mít nejvýše dvě nadzemní podlaží;Ano, bez dalších podmínek;Ano, pokud třetí nadzemní podlaží slouží pouze jako technické zázemí;§ 13 písm. c) stavebního zákona;2;53;reviewed;individuálně zkontrolované možnosti;
A20;Stavební zákon;Jaký je maximální počet samostatných bytů v rodinném domě?;tři;dva;čtyři;pět;§ 13 písm. c) stavebního zákona;2;53;reviewed;individuálně zkontrolované možnosti;
A21;Stavební zákon;Přístupností se rozumí;vytváření podmínek pro samostatné a bezpečné využití pozemků a staveb osobami s omezenou schopností pohybu nebo orientace s cílem bezbariérového užívání;zajištění přístupu osob s omezenou schopností pohybu pouze do veřejných staveb;vytváření podmínek pro využití staveb pouze za asistence další osoby;povinnost zpřístupnit všechny stavby pouze osobám na vozíku;§ 13 písm. d) stavebního zákona;2;53;reviewed;individuálně zkontrolované možnosti;
A22;Stavební zákon;Jaká je nejmenší možná podlahová plocha obytné místnosti v případě, že byt tvoří více než jedna obytná místnost?;8 m²;9 m²;10 m²;7 m²;§ 13 písm. i) a l) stavebního zákona;2;53;reviewed;individuálně zkontrolované možnosti;
A23;Stavební zákon;Jaká je nejmenší možná podlahová plocha obytné místnosti v případě, že byt tvoří pouze jedna obytná místnost?;16 m²;12 m²;20 m²;24 m²;§ 13 písm. i) a l) stavebního zákona;2;53;reviewed;individuálně zkontrolované možnosti;
A24;Stavební zákon;Patří mezi osoby s omezenou schopností pohybu a orientace také osoba doprovázející dítě v kočárku nebo dítě do 3 let?;Ano;Ne;Ano, pouze je-li dítěti méně než jeden rok;Ano, pouze při doprovodu dítěte v kočárku;§ 13 písm. d) stavebního zákona;2;53;reviewed;individuálně zkontrolované možnosti;
A25;Stavební zákon;Započítávají se plochy lodžií a arkýřů do zastavěné plochy stavby?;Ano;Ne, započítává se pouze půdorys uzavřených místností;Započítávají se jen plochy lodžií, plochy arkýřů nikoli;Započítávají se jen plochy arkýřů, plochy lodžií nikoli;§ 13 písm. o) stavebního zákona;2;53;reviewed;individuálně upravené možnosti;
A26;Stavební zákon;Rozumí se stavebníkem též osoba, která pro sebe žádá vydání povolení odstranění stavby nebo stavbu odstraňuje?;Ano;Ne;Pouze osoba, která stavbu provádí, nikoli odstraňuje;Pouze osoba, která již vlastní povolení k odstranění stavby;§ 14 písm. a) stavebního zákona;2;53;reviewed;individuálně zkontrolované možnosti;
A27;Stavební zákon;Zhotovitelem se rozumí;stavební podnikatel a v případě svépomocné formy výstavby se zhotovitelem rozumí stavebník;pouze stavební podnikatel, a to i při provádění stavby svépomocí;projektant zpracovávající projektovou dokumentaci stavby;stavební úřad, který vydal povolení stavby;§ 14 písm. e) stavebního zákona;2;53;reviewed;individuálně zkontrolované možnosti;
A28;Stavební zákon;Stavebním dozorem se rozumí;odborný dozor nad prováděním nebo odstraňováním stavby, zařízení anebo terénní úpravy svépomocí;odborné vedení stavby prováděné stavebním podnikatelem;kontrola souladu projektové dokumentace s územním plánem;dozor nad užíváním dokončené stavby při kolaudaci;§ 14 písm. g) stavebního zákona;2;53;reviewed;individuálně zkontrolované možnosti;
A29;Stavební zákon;Musí stavební dozor vykonávat autorizovaná osoba?;Ne, postačí fyzická osoba, která má vysokoškolské vzdělání stavebního nebo architektonického směru nebo střední vzdělání stavebního směru s maturitní zkouškou a alespoň 3 roky praxe při provádění staveb;Ano, stavební dozor může vykonávat pouze autorizovaná osoba;Ne, může jej vykonávat kdokoli s alespoň jedním rokem praxe ve stavebnictví;Ne, postačuje jakákoli fyzická osoba s maturitní zkouškou;§ 14 písm. g) a § 165 odst. 1 stavebního zákona;2;53;reviewed;individuálně zkontrolované možnosti;
A30;Stavební zákon;Může při provádění nástavby rodinného domu být zajištěn pouze stavební dozor?;Ne, u všech staveb pro bydlení včetně jejich změn musí být vždy zajištěn stavbyvedoucí.;Ano, jde-li o stavbu prováděnou svépomocí;Ano, pokud stavební dozor vykonává autorizovaný inženýr;Ano, pokud nástavba nepřesáhne jedno nadzemní podlaží;§ 159 odst. 1 stavebního zákona;3;54;reviewed;individuálně zkontrolované možnosti;
A31;Stavební zákon;Stavbyvedoucím se rozumí;fyzická osoba oprávněná podle autorizačního zákona k odbornému vedení provádění nebo odstraňování stavby;fyzická osoba oprávněná k odbornému zpracování projektové dokumentace;fyzická osoba vykonávající technický dozor stavebníka;právnická osoba, která provádí stavební práce na základě živnostenského oprávnění;§ 14 písm. f) stavebního zákona;3;54;reviewed;individuálně zkontrolované možnosti;
A32;Stavební zákon;Projektantem se rozumí;fyzická osoba oprávněná podle autorizačního zákona ke zpracování územně plánovací dokumentace, územní studie a projektové dokumentace;fyzická osoba oprávněná k odbornému vedení provádění stavby;fyzická osoba vykonávající stavební dozor při stavbě svépomocí;právnická osoba oprávněná ke kolaudaci dokončených staveb;§ 14 písm. b) stavebního zákona;3;54;reviewed;individuálně zkontrolované možnosti;
A33;Stavební zákon;Stavebním podnikatelem se rozumí;osoba oprávněná k provádění stavebních nebo montážních prací jako předmětu své činnosti podle živnostenského zákona;osoba oprávněná pouze ke zpracování projektové dokumentace;každý stavebník, který provádí stavbu svépomocí;osoba pověřená stavebním úřadem k vedení stavebního deníku;§ 14 písm. d) stavebního zákona;3;54;reviewed;individuálně zkontrolované možnosti;
A34;Stavební zákon;Dozorem projektanta se rozumí;průběžný odborný dozor nad souladem realizace dokumentace pro provádění záměru s dokumentací o povolení záměru a nad prováděním záměru v souladu s dokumentací pro provedení záměru;kontrola stavby prováděná stavebním úřadem po jejím dokončení;odborné vedení stavebních prací stavbyvedoucím po celou dobu výstavby;dohled stavebníka nad dodržením rozpočtu a harmonogramu stavby;§ 14 písm. h) stavebního zákona;3;54;reviewed;individuálně zkontrolované možnosti;
A35;Stavební zákon;Nejblíže nadřazenou územně plánovací dokumentací se pro regulační plán rozumí;územní plán;zásady územního rozvoje;územní rozvojový plán;územní studie;§ 12 písm. p) bod 1 stavebního zákona;3;54;reviewed;individuálně zkontrolované možnosti;
A36;Stavební zákon;Nejblíže nadřazenou územně plánovací dokumentací se pro územní plán rozumí;zásady územního rozvoje;územní rozvojový plán;regulační plán;územní studie;§ 12 písm. p) bod 2 stavebního zákona;3;54;reviewed;individuálně zkontrolované možnosti;
A37;Stavební zákon;Územně plánovací dokumentací je;územní rozvojový plán, zásady územního rozvoje, územní plán a regulační plán;územní rozvojový plán, územní studie a regulační plán;zásady územního rozvoje, územní plán a stavební povolení;územní plán, regulační plán a územní opatření o stavební uzávěře;§ 61 písm. c) stavebního zákona;3;54;reviewed;individuálně zkontrolované možnosti;
A38;Stavební zákon;K čemu slouží územní opatření o stavební uzávěře?;k omezení nebo zakázání stavební činnosti v nezbytném rozsahu ve vymezeném území, pokud by mohla ztížit nebo znemožnit jeho budoucí využití podle připravované územně plánovací dokumentace;k trvalému zákazu veškeré stavební činnosti na území obce;k vymezení konkrétních stavebních pozemků pro připravovaný záměr;k dodatečnému povolení staveb postavených bez povolení;§ 123 odst. 1 stavebního zákona;3;54;reviewed;individuálně zkontrolované možnosti;
A39;Stavební zákon;Co je obsahem plánovací smlouvy?;vzájemná povinnost stran poskytnout si součinnost při uskutečnění ve smlouvě uvedeného záměru a postupovat při jeho uskutečňování ujednaným způsobem;jednostranné stanovení podmínek výstavby stavebním úřadem;pouze převod vlastnického práva k pozemkům potřebným pro záměr;souhlas vlastníka sousední nemovitosti s umístěním stavby;§ 130 odst. 1 a § 131 stavebního zákona;3;54;reviewed;individuálně zkontrolované možnosti;
A40;Stavební zákon;Požadavky na výstavbu se rozumí;požadavky na vymezování pozemků, požadavky na umisťování staveb a technické požadavky na stavby;pouze požadavky na umisťování staveb;požadavky na zpracování projektové dokumentace a vedení stavebního deníku;jen technické požadavky na dokončené stavby;§ 137 odst. 1 stavebního zákona;3;54;reviewed;individuálně zkontrolované možnosti;
A41;Stavební zákon;Musí se požadavky na výstavbu uplatnit v celém rozsahu také na změny dokončených staveb?;nemusí, uplatní se jen v rozsahu, v jakém to závažné územně technické nebo stavebně technické důvody nebo jiný veřejný zájem nevylučují;ano, vždy a bez ohledu na stavebně technické důvody;ne, na změny dokončených staveb se vůbec nevztahují;ano, s výjimkou technických požadavků na stavby;§ 137 odst. 4 stavebního zákona;3;54;reviewed;individuálně zkontrolované možnosti;
A42;Stavební zákon;Lze povolit výjimky z požadavků na výstavbu?;Ano, výjimku lze povolit, avšak pouze z těch ustanovení prováděcího právního předpisu, ze kterých tento předpis povolení výjimky výslovně umožňuje;Ano, výjimku lze povolit z jakéhokoli požadavku na výstavbu;Ne, výjimky z požadavků na výstavbu stavební zákon nepřipouští;Ano, avšak jen na základě souhlasu sousedního vlastníka;§ 138 stavebního zákona;3;54;reviewed;individuálně zkontrolované možnosti;
A43;Stavební zákon;Které územní samosprávné celky mohou vydat nařízení, v němž stanoví podrobné požadavky na výstavbu pro své území odlišně od celostátní vyhlášky?;pouze hlavní město Praha, statutární město Brno a statutární město Ostrava;všechny obce v samostatné působnosti;pouze hlavní město Praha;všechna krajská města a statutární města;§ 137 odst. 1, § 152 odst. 2 a § 333 odst. 3 stavebního zákona;4;55;reviewed;individuálně zkontrolované možnosti;
A44;Stavební zákon;Jaký je základní požadavek na vzájemné odstupy staveb?;musí umožňovat údržbu staveb;musí být vždy nejméně 2 metry;musí zajistit, aby se stavby vzájemně nedotýkaly;musí umožňovat výhradně přístup požární techniky;§ 144 odst. 2 stavebního zákona;4;55;reviewed;individuálně zkontrolované možnosti;
A45;Stavební zákon;Lze mimo stavební pozemek umístit i stavbu rodinného domu?;Ne, mimo stavební pozemek lze umístit jen stavby zařízení staveniště a připojení staveb na sítě technické infrastruktury a pozemní komunikace;Ano, pokud s tím souhlasí všichni vlastníci sousedních pozemků;Ano, jde-li o jednoduchou stavbu;Ano, pokud je pozemek uvnitř zastavěného území;§ 143 odst. 4 stavebního zákona;4;55;reviewed;individuálně zkontrolované možnosti;
A46;Stavební zákon;Patří mezi základní požadavky na stavby také přístupnost při užívání?;Ano;Ne;Ano, pouze u staveb vyžadujících povolení;Ano, ale jen na základě zvláštního rozhodnutí úřadu;§ 145 odst. 1 písm. e) stavebního zákona;4;55;reviewed;individuálně zkontrolované možnosti;
A47;Stavební zákon;Patří mezi vybrané činnosti ověřování výsledků zeměměřických činností ve výstavbě a výkon dozoru projektanta?;Ano;Ne;Ano, pouze u staveb vyžadujících povolení;Ano, ale jen na základě zvláštního rozhodnutí úřadu;§ 155 písm. c) a d) stavebního zákona;4;55;reviewed;individuálně zkontrolované možnosti;
A48;Stavební zákon;Musí být územní studie vždy zpracována projektantem?;Ano;Ne;Ano, pouze u staveb vyžadujících povolení;Ano, ale jen na základě zvláštního rozhodnutí úřadu;§ 156 odst. 1 stavebního zákona;4;55;reviewed;individuálně zkontrolované možnosti;
A49;Stavební zákon;Může dokumentaci některých jednoduchých staveb zpracovat jiná osoba než projektant?;Ano, pokud tato osoba má vysokoškolské vzdělání stavebního nebo architektonického směru anebo střední vzdělání stavebního směru s maturitní zkouškou a alespoň 3 roky praxe v projektování staveb;Ano, postačuje jakékoli středoškolské vzdělání bez stavební praxe;Ano, pokud má alespoň 1 rok praxe v projektování staveb bez ohledu na vzdělání;Ne, dokumentaci všech jednoduchých staveb musí vždy zpracovat projektant;§ 156 odst. 2 stavebního zákona a odst. 1 písm. c) přílohy č. 2 ke stavebnímu zákonu;4;55;reviewed;individuálně upravené možnosti;
A50;Stavební zákon;Je vybranou činností ve výstavbě také zpracování dokumentace pro odstranění stavby?;Ano, s výjimkou zpracování dokumentace pro odstranění některých jednoduchých staveb;Ne, tato činnost není vybranou činností ve výstavbě;Ano, včetně odstranění všech jednoduchých staveb;Ano, avšak pouze u vyhrazených staveb;§ 155 písm. a) a § 157 odst. 1 písm. e) stavebního zákona;4;55;reviewed;individuálně zkontrolované možnosti;
A51;Stavební zákon;Je výkon technického dozoru stavebníka vybranou činností?;Ne, stavební zákon výkon technického dozoru stavebníka mezi vybrané činnosti nezařazuje;Ano, výkon technického dozoru stavebníka je vždy vybranou činností;Ano, ale jen při provádění vyhrazených staveb;Ano, pokud technický dozor vykonává autorizovaná osoba;§ 155 stavebního zákona;4;55;reviewed;individuálně zkontrolované možnosti;
A52;Stavební zákon;Patří mezi vybrané činnosti odborné vedení provádění stavby, její změny a odborné vedení odstraňování stavby?;Ano;Ne;Ano, pouze u staveb vyžadujících povolení;Ano, ale jen na základě zvláštního rozhodnutí úřadu;§ 155 písm. b) stavebního zákona;4;55;reviewed;individuálně zkontrolované možnosti;
A53;Stavební zákon;Může stavby, zařízení a terénní úpravy provádět a odstraňovat pouze stavební podnikatel?;Ne, drobné stavby a jednoduché stavby vymezené stavebním zákonem může provádět a odstraňovat svépomocí také stavebník;Ano, stavebník nesmí provádět ani drobné stavby svépomocí;Ne, všechny stavby může stavebník bez omezení provádět svépomocí;Ne, stačí, když má kdokoli stavební vzdělání, i bez oprávnění nebo dohledu;§ 159 odst. 2 a 3 stavebního zákona a příloha č. 1 a 2 ke stavebnímu zákonu;4;55;reviewed;individuálně upravené možnosti;
A54;Stavební zákon;Má stavební podnikatel povinnost zajistit odborné vedení provádění nebo odstraňování stavby stavbyvedoucím?;Ano, tuto povinnost má;Ne, odborné vedení není při provádění stavby stavebním podnikatelem vyžadováno;Ano, ale pouze u vyhrazených staveb;Ano, postačuje odborné vedení projektantem bez stavbyvedoucího;§ 159 odst. 1 stavebního zákona;4;55;reviewed;individuálně upravené možnosti;
A55;Stavební zákon;Je stavebník povinen před zahájením každé stavby, která podléhá povolení, zajistit vypracování dokumentace pro provádění stavby?;Ne, tuto povinnost nemá u některých jednoduchých staveb vymezených ve stavebním zákoně;Ano, povinnost platí pro každou stavbu vyžadující povolení;Ne, dokumentaci pro provádění stavby stavebník nikdy zajistit nemusí;Ne, tato povinnost se vztahuje jen na vyhrazené stavby;§ 160 odst. 2 stavebního zákona a příloha č. 2 ke stavebnímu zákonu;4;55;reviewed;individuálně zkontrolované možnosti;
A56;Stavební zákon;U kterých staveb je stavebník povinen zajistit dozor projektanta nad prováděním stavby?;U vyhrazených staveb;U všech staveb včetně drobných staveb;Pouze u jednoduchých staveb pro bydlení;"U žádných staveb; dozor projektanta je vždy dobrovolný";§ 161 odst. 3 stavebního zákona;5;56;reviewed;individuálně upravené možnosti;
A57;Stavební zákon;Kdo má povinnost zajistit, aby na stavbě nebo na staveništi byla k dispozici ověřená dokumentace pro povolení stavby a dokumentace pro provádění stavby?;stavebník;výhradně projektant, který dokumentaci zpracoval;výhradně stavbyvedoucí, který řídí provádění stavby;stavební úřad, který stavbu povolil;§ 160 odst. 2 písm. e) stavebního zákona;5;56;reviewed;individuálně upravené možnosti;
A58;Stavební zákon;Je projektant při zpracování projektové dokumentace povinen jednat v součinnosti s dotčenými orgány a se stavebním úřadem?;Ano;Ne;Ano, pouze u staveb vyžadujících povolení;Ano, ale jen na základě zvláštního rozhodnutí úřadu;§ 162 odst. 1 stavebního zákona;5;56;reviewed;individuálně zkontrolované možnosti;
A59;Stavební zákon;Kdo je odpovědný při návrhu stavby za splnění požadavků na výstavbu?;projektant;stavbyvedoucí;stavebník;zhotovitel;§ 162 odst. 1 stavebního zákona;5;56;reviewed;individuálně zkontrolované možnosti;
A60;Stavební zákon;Odpovídá projektant za odchylky od projektové dokumentace, ke kterým došlo při provádění stavby a které neschválil?;neodpovídá;Ano, projektant odpovídá i za odchylky, které sám neschválil;Ano, odpovídá za všechny změny provedené zhotovitelem bez svého vědomí;Ano, neschválené odchylky přecházejí na projektanta dnem kolaudace;§ 162 odst. 4 stavebního zákona;5;56;reviewed;individuálně upravené možnosti;
A61;Stavební zákon;Může se stavbyvedoucí při provádění stavby odchýlit od ověřené dokumentace pro povolení stavby?;Ne, stavbyvedoucí musí řídit provádění stavby podle ověřené dokumentace pro povolení stavby;Ne, projektant musí řídit provádění stavby podle ověřené dokumentace pro povolení stavby;Ne, stavební dozor musí řídit provádění stavby podle ověřené dokumentace pro povolení stavby;Ne, stavbyvedoucí nemusí řídit provádění stavby podle ověřené dokumentace pro povolení stavby;§ 161 odst. 1 písm. b) stavebního zákona;5;56;reviewed;individuálně zkontrolované možnosti;
A62;Stavební zákon;Kdo je povinen zajistit řádné uspořádání staveniště a provozu na něm a vytyčení tras technické infrastruktury na staveništi?;stavbyvedoucí;projektant při zpracování projektové dokumentace;stavebník bez ohledu na to, kdo odborně vede provádění stavby;stavební úřad při kolaudačním řízení;§ 164 odst. 1 písm. c) a f) stavebního zákona;5;56;reviewed;individuálně upravené možnosti;
A63;Stavební zákon;Komu je stavbyvedoucí povinen neprodleně oznámit závady, které se nepodařilo odstranit při vedení stavby?;stavebnímu úřadu;pouze vlastníkovi sousedního pozemku;pouze autorovi projektové dokumentace;pouze dodavateli stavebních výrobků;§ 164 odst. 2 stavebního zákona;5;56;reviewed;individuálně upravené možnosti;
A64;Stavební zákon;Kdo je povinen při provádění nebo odstraňování stavby vést stavební deník nebo jednoduchý záznam o stavbě?;zhotovitel;výhradně projektant;výhradně stavební úřad;vlastník sousední nemovitosti;§ 163 odst. 2 písm. d) stavebního zákona;5;56;reviewed;individuálně upravené možnosti;
A65;Stavební zákon;Může fyzická osoba provádět vybrané činnosti ve výstavbě bez oprávnění podle autorizačního zákona?;Ne, jedná se o přestupek;Ano, pokud má stavební vzdělání;Ano, pouze u jednoduchých staveb;Ano, jestliže pracuje pod dohledem stavebního úřadu;§ 303 odst. 1 a 5 a § 155 stavebního zákona;5;56;reviewed;individuálně zkontrolované možnosti;
A66;Stavební zákon;Musí být veden stavební deník nebo jednoduchý záznam o stavbě při provádění drobných staveb?;nemusí, povinnost vést tyto dokumenty se vztahuje pouze na provádění staveb vyžadujících povolení;Ano, stavební deník se vede u všech drobných staveb bez výjimky;Ano, ale pouze je-li drobná stavba prováděna svépomocí;Ano, je nutné vést vždy alespoň jednoduchý záznam o stavbě;§ 166 odst. 1 a § 171 stavebního zákona a příloha č. 1 ke stavebnímu zákonu;5;56;reviewed;individuálně upravené možnosti;
A67;Stavební zákon;Jak dlouho je vlastník stavby povinen uchovávat ověřenou dokumentaci pro povolení stavby a dokumentaci pro provádění stavby?;po celou dobu trvání stavby;pouze do okamžiku kolaudace stavby;nejdéle 10 let od povolení stavby;pouze po dobu provádění stavby;§ 167 písm. d) stavebního zákona;5;56;reviewed;individuálně upravené možnosti;
A68;Stavební zákon;Které správní orgány jsou stavebními úřady?;Ministerstvo pro místní rozvoj, Ministerstvo dopravy, Ministerstvo průmyslu a obchodu, Dopravní a energetický stavební úřad, krajské stavební úřady, obecní stavební úřady a jiné stavební úřady;pouze obecní stavební úřady a krajské stavební úřady;Ministerstvo pro místní rozvoj, Česká komora autorizovaných inženýrů a katastrální úřady;Ministerstvo dopravy, krajské hygienické stanice a orgány ochrany přírody;§ 30 odst. 1 stavebního zákona;5;56;reviewed;individuálně upravené možnosti;
A69;Stavební zákon;Které správní orgány jsou jinými stavebními úřady?;Ministerstvo obrany, Ministerstvo vnitra a Ministerstvo spravedlnosti;Ministerstvo pro místní rozvoj, krajský úřad a obecní úřad;Ministerstvo obrany, Ministerstvo vnitra a Ministerstvo financí;Ministerstvo obrany, Česká komora autorizovaných inženýrů a katastrální úřad;§ 35 stavebního zákona;5;56;reviewed;individuálně zkontrolované možnosti;
A70;Stavební zákon;Který stavební úřad je příslušný rozhodovat o vyhrazených stavbách?;Dopravní a energetický stavební úřad;vždy obecní stavební úřad;vždy krajský stavební úřad;výhradně Ministerstvo pro místní rozvoj;§ 17 a 33 stavebního zákona a příloha č. 3 ke stavebnímu zákonu;6;57;reviewed;individuálně upravené možnosti;
A77;Stavební zákon;Vyžaduje dokumentace pro provádění stavby schválení stavebního úřadu?;Ne;Ano, dokumentaci pro provádění stavby musí stavební úřad vždy schválit;Ano, schvaluje se spolu s kolaudačním rozhodnutím;Ano, schvaluje ji stavební úřad před zahájením každé stavby;§ 160 odst. 2 písm. a) stavebního zákona;6;57;reviewed;individuálně upravené možnosti;
A78;Stavební zákon;Je nutné dokumentaci pro provádění stavby zpracovat pouze u vyhrazených staveb?;Ne, je nutné ji vyhotovit i u ostatních staveb a jednoduchých staveb pro bydlení a rodinnou rekreaci.;Ano, dokumentace pro provádění stavby se zpracovává pouze u vyhrazených staveb;Ne, dokumentace pro provádění stavby se zpracovává jen u drobných staveb;Ne, tato dokumentace se u staveb pro bydlení nikdy nevyžaduje;§ 157 odst. 1 písm. d) stavebního zákona;6;57;reviewed;individuálně zkontrolované možnosti;
A79;Stavební zákon;Které záměry nevyžadují povolení?;drobné stavby a změny využití území, u kterých tak stanoví stavební zákon;všechny jednoduché stavby a všechny změny využití území;všechny stavby prováděné svépomocí bez ohledu na jejich druh;každý záměr na pozemku zahrnutém do územního plánu;§ 171 a 214 stavebního zákona;6;57;reviewed;individuálně upravené možnosti;
A80;Stavební zákon;Vyžaduje povolení změny využití území terénní úprava do 1,5 m výšky o výměře 450 m² na pozemku, který nemá společnou hranici s veřejnou pozemní komunikací?;Ano vyžaduje, protože má větší výměru než 300 m²;Ne, úprava výšky do 1,5 m nikdy povolení nevyžaduje bez ohledu na výměru;Ne, povolení je nutné až při výměře větší než 500 m²;Ne, povolení je nutné jen tehdy, pokud pozemek sousedí s veřejnou komunikací;§ 213 písm. a) a § 214 odst. 1 písm. a) stavebního zákona;6;57;reviewed;individuálně upravené možnosti;
A81;Stavební zákon;Kdy se povolení dělení nebo scelování pozemků nevydává?;pokud je dělení nebo scelování pozemků schváleno pozemkovými úpravami;pokud o to požádají všichni vlastníci sousedních pozemků;pokud se dělení týká nejvýše dvou pozemků;pokud již bylo vydáno kolaudační rozhodnutí;§ 216 odst. 3 stavebního zákona;6;57;reviewed;individuálně zkontrolované možnosti;
A82;Stavební zákon;Umožňuje rámcové povolení provedení záměru?;neumožňuje, rámcové povolení není povolením záměru;Ano, rámcové povolení samo o sobě umožňuje záměr provést;Ano, rámcové povolení vždy nahrazuje povolení záměru;Ano, po vydání rámcového povolení už není třeba další rozhodnutí;§ 221 odst. 2 stavebního zákona;6;57;reviewed;individuálně upravené možnosti;
A83;Stavební zákon;Který stavební úřad rámcové povolení vydává?;Dopravní a energetický stavební úřad a krajské stavební úřady;pouze obecní stavební úřad;výhradně Ministerstvo pro místní rozvoj;pouze katastrální úřady;§ 33 odst. 2 písm. c) a § 34 písm. b) stavebního zákona;6;57;reviewed;individuálně upravené možnosti;
A84;Stavební zákon;Jak lze podat žádost o povolení záměru?;žádost lze podat pouze na stanoveném formuláři;žádost lze podat volnou písemnou formou bez stanoveného formuláře;žádost lze podat výhradně ústně do protokolu;žádost lze podat jen prostřednictvím autorizovaného projektanta;§ 172 odst. 2 stavebního zákona;6;57;reviewed;individuálně zkontrolované možnosti;
A85;Stavební zákon;Je možné projektovou dokumentaci pro povolení stavby předložit stavebnímu úřadu v listinné podobě?;Ne, musí být vložena v elektronické podobě do evidence elektronických dokumentací;Ano, projektovou dokumentaci lze předložit jen v listinné podobě;Ano, stavební úřad vždy přijme listinné vyhotovení namísto elektronického;Ano, pokud ji stavebník předloží ve dvou tištěných vyhotoveních;§ 172 odst. 4 stavebního zákona;6;57;reviewed;individuálně upravené možnosti;
A86;Stavební zákon;Je žádost o výjimku z požadavků na výstavbu součástí žádosti o povolení záměru nebo ji lze podat samostatně?;žádost o výjimku z požadavků na výstavbu je součástí žádosti o povolení záměru;žádost o výjimku se podává vždy až po vydání povolení záměru;žádost o výjimku nelze s žádostí o povolení záměru spojit;výjimku z požadavků na výstavbu povoluje výhradně obec v územním plánu;§ 228 odst. 2 stavebního zákona;6;57;reviewed;individuálně zkontrolované možnosti;
A87;Stavební zákon;Jak dlouhou dobu platí povolení stavby?;"Povolení stavby platí 2 roky, nejdéle 5 let ode dne nabytí právní moci; bylo-li provádění stavby zahájeno v době jeho platnosti, prodlužuje se doba platnosti povolení na 10 let ode dne právní moci povolení nebo rozhodnutí o prodloužení jeho platnosti.";Povolení stavby platí vždy pouze 1 rok a nelze jeho platnost prodloužit.;Povolení stavby platí bez omezení po celou dobu existence záměru.;Povolení stavby po zahájení stavby zaniká a musí se vydat nové.;§ 198 odst. 1 stavebního zákona;6;57;reviewed;individuálně upravené možnosti;
A88;Stavební zákon;Co se ve stavebním zákoně rozumí změnou záměru před dokončením?;Změna záměru oproti jeho povolení nebo oproti dokumentaci pro povolení stavby ověřené stavebním úřadem.;Pouze změna uskutečněná až po vydání kolaudačního rozhodnutí.;Jen změna vlastníka stavby před jejím dokončením.;Výhradně změna záměru, která odpovídá ověřené dokumentaci a povolení.;§ 224 odst. 1 stavebního zákona;6;57;reviewed;individuálně upravené možnosti;
A89;Stavební zákon;Vyžaduje změna záměru před dokončením povolení?;Ano, změnu záměru před dokončením lze realizovat jen na základě povolení;Ne, změnu záměru před dokončením lze vždy provést bez povolení;Ne, postačí ústní souhlas projektanta bez povolení;Ne, povolení se požaduje až po dokončení stavby;§ 224 odst. 2 stavebního zákona;6;57;reviewed;individuálně upravené možnosti;
A90;Stavební zákon;Jaké odchylky od ověřené projektové dokumentace stavby se nepovažují za změnu stavby a projednávají se v kolaudačním řízení?;nepodstatné odchylky, například ty, při kterých se nemění půdorysný ani výškový rozsah stavby;všechny odchylky bez ohledu na změnu půdorysu a výšky stavby;jen podstatné změny půdorysného a výškového rozsahu stavby;jakákoli změna účelu užívání stavby bez ohledu na její rozsah;§ 224 odst. 3 stavebního zákona;7;58;reviewed;individuálně upravené možnosti;
A91;Stavební zákon;Vyžadují všechny jednoduché stavby kolaudační rozhodnutí?;Ne, kolaudační rozhodnutí vyžadují pouze jednoduché stavby pro bydlení a rodinnou rekreaci;Ano, kolaudační rozhodnutí se vyžaduje pro všechny jednoduché stavby;Ne, kolaudační rozhodnutí se nevyžaduje pro žádnou jednoduchou stavbu;Ano, u všech drobných i jednoduchých staveb bez rozdílu;§ 230 odst. 2 stavebního zákona a odstavec 1 písm. a) až c) a odstavec 2 písm. d) přílohy č. 2 ke stavebnímu zákonu;7;58;reviewed;individuálně upravené možnosti;
A92;Stavební zákon;Podle kterých technických norem se posuzuje kolaudovaná stavba, došlo-li během jejího provádění ke změně technických norem?;Stavba se při kolaudaci posuzuje podle technických norem, které platily v době, kdy byla dokumentace pro její povolení ověřena stavebním úřadem.;Podle norem platných vždy v den kolaudačního rozhodnutí.;Podle norem účinných v den zahájení stavebních prací.;Podle norem platných v den podání žádosti o kolaudační rozhodnutí.;§ 233 odst. 3 stavebního zákona;7;58;reviewed;individuálně upravené možnosti;
A93;Stavební zákon;Musí být v rámci kolaudace stavby provedena závěrečná kontrolní prohlídka?;Nemusí, pokud to není nezbytné pro ověření skutečného provedení stavby.;Ano, závěrečná kontrolní prohlídka se musí provést vždy.;Ne, závěrečná kontrolní prohlídka se nikdy neprovádí.;Ano, i když skutečné provedení stavby lze ověřit bez ní.;§ 234 odst. 1 a § 10 odst. 2 stavebního zákona;7;58;reviewed;individuálně upravené možnosti;
A94;Stavební zákon;Lze kolaudační rozhodnutí vydat i pro část stavby?;Ano, pokud ji lze užívat samostatně, neohrozí-li to bezpečnost a zdraví osob nebo zvířat anebo životní prostředí;Ne, kolaudační rozhodnutí lze vydat výhradně pro celou stavbu.;Ano, pro jakoukoli část stavby, i když ji nelze samostatně užívat.;Ano, i když by její užívání ohrozilo bezpečnost osob.;§ 235 odst. 5 stavebního zákona;7;58;reviewed;individuálně upravené možnosti;
A95;Stavební zákon;Co je účelem zkušebního provozu?;zkušebním provozem se ověřuje funkčnost dokončené stavby;zkušebním provozem se ověřuje pouze vlastnictví dokončené stavby;zkušební provoz nahrazuje povolení záměru;zkušebním provozem se ověřuje jen soulad se zastavovacím plánem;§ 237 odst. 1 stavebního zákona;7;58;reviewed;individuálně zkontrolované možnosti;
A96;Stavební zákon;Kdy nelze povolit změnu v užívání stavby (rekolaudaci)?;pokud je změna v užívání stavby podmíněna úpravou stavby, která vyžaduje povolení;pokud se změna užívání obejde bez stavebních úprav;pokud se nemění vlastník stavby;pokud je stavba vedena v katastru nemovitostí;§ 239 odst. 1 stavebního zákona;7;58;reviewed;individuálně upravené možnosti;
A97;Stavební zákon;Kterou stavbu je možné odstranit pouze na základě povolení odstranění stavby?;stavbu, která podléhá povolení nebo obsahuje azbest;každou drobnou stavbu bez ohledu na její vlastnosti;pouze vyhrazenou stavbu, nikoli stavbu obsahující azbest;jen stavbu, jejíž vlastník není znám;§ 247 odst. 1 stavebního zákona;7;58;reviewed;individuálně zkontrolované možnosti;
A98;Stavební zákon;Vyžadují drobné stavby povolení odstranění?;Ano, pokud obsahují azbest;Ne, drobná stavba nikdy nevyžaduje povolení odstranění ani při obsahu azbestu;Ano, všechny drobné stavby bez výjimky;Ano, ale pouze drobné stavby provedené svépomocí;§ 247 odst. 1 stavebního zákona a příloha č. 1 ke stavebnímu zákonu;7;58;reviewed;individuálně upravené možnosti;
A99;Stavební zákon;Nařídí stavební úřad odstranění stavby také proto, že nebyla dokončena v době platnosti povolení?;Ano, je to jeden z důvodů pro nařízení odstranění stavby;Ne, uplynutí doby platnosti povolení nemůže být důvodem k nařízení odstranění;Ano, ale jen pokud stavba obsahuje azbest;Ne, pokud stavba nebyla dokončena, může zůstat bez časového omezení;§ 250 odst. 1 písm. f) a § 198 stavebního zákona;7;58;reviewed;individuálně upravené možnosti;
A100;Stavební zákon;Lze stavbu provedenou bez povolení nebo v rozporu s ním dodatečně povolit?;Ano, ale pouze pokud povinný (vlastník stavby nebo stavebník) o dodatečné povolení požádal a splnil podmínky pro jeho vydání;Ano, automaticky po uplynutí lhůty pro nařízení odstranění stavby;Ano, i bez žádosti vlastníka nebo stavebníka a bez splnění podmínek;Ne, dodatečné povolení se nepřipouští za žádných okolností;§ 254 odst. 1 stavebního zákona;7;58;reviewed;individuálně upravené možnosti;
A101;Stavební zákon;Lze nařídit odstranění stavby, která nevyžaduje povolení?;Ano, pokud je prováděna nebo byla provedena v rozporu s právními předpisy;Ne, stavbu bez povolení nelze nikdy nařídit odstranit;Ano, vždy jen proto, že stavba nevyžaduje povolení;Ano, pokud to navrhne kterýkoli soused bez uvedení důvodu;§ 250 odst. 1 písm. d) stavebního zákona;7;58;reviewed;individuálně upravené možnosti;
A102;Stavební zákon;Kdo je povinen zúčastnit se na výzvu stavebního úřadu jím prováděné kontroly?;stavebník, a je-li to nezbytné též další osoby uvedené ve stavebním zákoně, například projektant nebo stavbyvedoucí;pouze projektant, bez účasti stavebníka;výhradně úřední osoba stavebního úřadu;jen vlastník sousedního pozemku;§ 292 odst. 3 stavebního zákona;7;58;reviewed;individuálně upravené možnosti;
A103;Stavební zákon;Kdy může stavební úřad nařídit vlastníku stavby provedení udržovacích prací na stavbě?;pokud je to nezbytné k ochraně zákonem chráněného veřejného zájmu, zejména v případě nedostatečné údržby stavby;kdykoli bez uvedení důvodu a bez ohledu na veřejný zájem;výhradně po vydání kolaudačního rozhodnutí pro novou stavbu;jen na základě písemného souhlasu všech vlastníků sousedních pozemků;§ 295 odst. 1 písm. a) a § 167 písm. a) stavebního zákona;7;58;reviewed;individuálně upravené možnosti;
B6;Požadavky na výstavbu;Základní požadavky na stavby jsou;mechanická odolnost a stabilita, požární bezpečnost, ochrana zdraví, ochrana životního prostředí, bezpečnost a přístupnost při užívání, provozu a údržbě, úspora energie, udržitelné využívání přírodních zdrojů;pouze mechanická odolnost a stabilita a požární bezpečnost;mechanická odolnost a stabilita, požární bezpečnost, ochrana zdraví a výhradně cena stavby;jen ochrana zdraví, hospodárnost výstavby a estetika stavby;§ 145 odst. 1 nového stavebního zákona;8;59;reviewed;individuálně zkontrolované možnosti;
B12;Požadavky na výstavbu;Prostorové parametry sítí technické infrastruktury musí být;navrženy a provedeny tak, aby respektovaly ochranu stromů, porostů a vegetačních ploch;navrženy a provedeny výhradně s ohledem na nejkratší možnou trasu;navrženy tak, aby ochrana stromů byla řešena až po provedení stavby;vedeny vždy mimo všechny vegetační plochy bez ohledu na místní podmínky;§ 9 odst. 4 PV;8;59;reviewed;individuálně zkontrolované možnosti;
B19;Požadavky na výstavbu;Výkopy přiléhající k veřejným prostranstvím a komunikacím pro chodce;musí být zabezpečeny proti pádu osob s omezenou schopností pohybu nebo orientace;nemusí být zabezpečeny proti pádu osob, pokud trvají práce méně než jeden den;postačí opatřit výkop pouze upozorněním bez fyzického zabezpečení;zabezpečují se jen proti pádu vozidel, nikoli chodců;§ 14 odst. 3 PV;8;59;reviewed;individuálně upravené možnosti;
B26;Požadavky na výstavbu;Zabudované technické zařízení a jeho rozvody působící hluk a vibrace musí být;v budově s obytnými místnostmi a ve stavbě pro sociální služby navrženo a provedeno tak, aby byl omezen přenos hluku a vibrací do stavební konstrukce, zejména do chráněného vnitřního prostoru stavby;navrženo bez ohledu na šíření hluku do chráněného vnitřního prostoru;uloženo přímo do konstrukcí obytných místností bez omezení přenosu vibrací;navrženo výhradně s ohledem na venkovní hluk, nikoli na přenos do stavby;§ 21 odst. 2 PV;8;59;reviewed;individuálně upravené možnosti;
B28;Požadavky na výstavbu;V záplavovém území a tam, kde je třeba území nebo stavby chránit proti zpětnému vzdutí v kanalizaci při povodni nebo při přívalovém dešti, musí být;kanalizační přípojka, popřípadě vnitřní kanalizace, vybavena zařízením proti zpětnému toku nebo uzávěrem;kanalizační přípojka vždy ponechána bez uzávěru i ochrany proti zpětnému toku;pouze vodovodní přípojka vybavena vodoměrem;vnitřní kanalizace vybavena jen odvětráním bez ochrany proti zpětnému vzdutí;§ 28 odst. 3 PV;8;59;reviewed;individuálně upravené možnosti;
B43;Požadavky na výstavbu;Vodovodní přípojka;musí být vybavena zařízením proti možnému zpětnému průtoku znečištěné vody z vnitřního vodovodu;nemusí být chráněna před zpětným průtokem vody z vnitřního vodovodu;musí umožňovat zpětný průtok znečištěné vody do vodovodního řadu;musí být vybavena zařízením proti zpětnému toku odpadní vody z kanalizace;§ 40 odst. 3 PV;8;59;reviewed;individuálně upravené možnosti;
B44;Požadavky na výstavbu;Čistící tvarovka se nesmí osadit v místnosti,;ve které by únik odpadní vody mohl ohrozit požadavky na bezpečné užívání stavby;ve které je osazeno běžné sanitární zařízení;ve které je zajištěno přirozené větrání;ve které je instalován hlavní uzávěr vody;§ 41 odst. 3 PV;8;59;reviewed;individuálně zkontrolované možnosti;
B45;Požadavky na výstavbu;Pokud je stavba vybavena silnoproudým rozvodem,;zřizuje se hlavní ochranná přípojnice uzemněná zpravidla na základový zemnič;zřizuje se pouze samostatný jistič pro každý spotřebič;hlavní ochranná přípojnice se zřizuje bez uzemnění;uzemnění se provádí výhradně na plynovodní potrubí;§ 43 odst. 1 PV;8;59;reviewed;individuálně zkontrolované možnosti;
B47;Požadavky na výstavbu;Plynovodní přípojka a rozvod plynu;musí být navrženy a provedeny tak, aby byl zajištěn potřebný provozní přetlak pro všechny plynové spotřebiče;nemusí zajišťovat potřebný přetlak u všech plynových spotřebičů;smí být navrženy bez ohledu na požadovaný provozní tlak spotřebičů;musí zajišťovat pouze stejný tlak ve vodovodním potrubí;§ 45 odst. 2 PV;8;59;reviewed;individuálně upravené možnosti;
B53;Požadavky na výstavbu;Běžný dobíjecí bod na střídavý proud pro elektrická vozidla;musí být vybaven alespoň zásuvkou nebo vozidlovou zásuvkovou přípojkou typu 2;musí být vybaven alespoň zásuvkou nebo vozidlovou zásuvkovou přípojkou typu 3;musí být vybaven alespoň zásuvkou nebo vozidlovou zásuvkovou přípojkou typu 4;musí být vybaven alespoň zásuvkou nebo vozidlovou zásuvkovou přípojkou typu 1;příloha 7 bod 1. PV;8;59;reviewed;individuálně zkontrolované možnosti;
B55;Požadavky na výstavbu;Vyhláška o požadavcích na výstavbu;obsahuje ustanovení, ze kterých lze za podmínek stanovených v § 138 odst. 1 stavebního zákona povolit výjimku;obsahuje ustanovení, ze kterých lze za podmínek stanovených v § 104 odst. 1 stavebního zákona povolit výjimku;obsahuje ustanovení, ze kterých lze za podmínek stanovených v § 172 odst. 1 stavebního zákona povolit výjimku;obsahuje ustanovení, ze kterých lze za podmínek stanovených v § 207 odst. 1 stavebního zákona povolit výjimku;§ 95 PV;8;59;reviewed;individuálně zkontrolované možnosti;
C1;Autorizace;Autorizační zákon upravuje;postavení, práva a povinnosti autorizovaných osob, způsob a podmínky udělování autorizace, vznik, pravomoc a působnost Komor a podmínky pro výkon vybraných činností ve výstavbě v souladu s právem Evropských společenství;pouze způsob vedení stavebního deníku a kolaudační řízení;výhradně výběr projektanta a přidělování veřejných zakázek;jen obsah územně plánovací dokumentace a pravomoci stavebních úřadů;§ 1 písm. a) až e) autorizačního zákona;8;59;reviewed;individuálně zkontrolované možnosti;
C2;Autorizace;Autorizace v příslušném oboru, popř. specializaci opravňuje;k výkonu vybraných činností ve výstavbě, není však podmínkou pro výkon těchto činností registrovanými osobami usazenými nebo hostujícími;k výkonu všech stavebních činností bez ohledu na obor autorizace;pouze k výkonu stavebního dozoru a vedení stavebního deníku;k výkonu vybraných činností pouze po samostatném povolení stavebního úřadu;§ 2 odst. 2 a § 30a odst. 2 autorizačního zákona;8;59;reviewed;individuálně zkontrolované možnosti;
C3;Autorizace;Osobami oprávněnými vykonávat vybrané činnosti ve výstavbě jsou;autorizované osoby, registrované osoby usazené a hostující zapsané v seznamech autorizovaných a registrovaných osob, vedených příslušnou Komorou;pouze zaměstnanci stavebních úřadů;každý držitel živnostenského oprávnění ve stavebnictví;jen projektanti pracující v pracovním poměru u stavebního podnikatele;§ 2 odst. 2, § 23 odst. 6 písm. d) a e), § 30a odst. 2 autorizačního zákona;9;60;reviewed;individuálně zkontrolované možnosti;
C4;Autorizace;Právnické a fyzické osoby podnikající podle příslušných předpisů mohou vykonávat vybrané činnosti ve výstavbě,;pokud zajistí výkon těchto činností autorizovanými osobami podle autorizačního zákona;pokud jejich zaměstnanci mají pouze praxi ve stavebnictví bez autorizace;jen po písemném souhlasu stavebního úřadu pro každý jednotlivý projekt;pouze tehdy, pokud jsou všichni společníci sami autorizovanými osobami;§ 2 odst. 5 autorizačního zákona;9;60;reviewed;individuálně zkontrolované možnosti;
C5;Autorizace;Autorizace se uděluje;ke dni složení předepsaného slibu;ke dni podání žádosti o autorizaci;ke dni úspěšného složení autorizační zkoušky;ke dni zápisu do stavebního deníku;§ 7 odst. 4 autorizačního zákona;9;60;reviewed;individuálně zkontrolované možnosti;
C6;Autorizace;Vzdělání příbuzného oboru nebo směru, náhradou za vzdělání předepsané, může uznat;ve zdůvodněných případech příslušná Komora;vždy obecní stavební úřad;automaticky každý zaměstnavatel uchazeče;pouze Ministerstvo pro místní rozvoj bez posouzení konkrétního případu;§ 8 odst. 3 autorizačního zákona;9;60;reviewed;individuálně upravené možnosti;
C7;Autorizace;Výjimku z předepsaného vzdělání může ve výjimečných případech povolit Komora zejména na základě;doložené úspěšné odborné činnosti uchazeče;pouze písemného doporučení stavebního úřadu bez dokladů o odborné činnosti;výhradně počtu let členství uchazeče v Komoře;ústního prohlášení uchazeče, že nemá požadované vzdělání;§ 8 odst. 4 autorizačního zákona;9;60;reviewed;individuálně upravené možnosti;
C8;Autorizace;Délka odborné praxe pro oprávnění autorizovaný inženýr, je nejméně;3 roky pro absolventy magisterského studijního programu a 5 let pro absolventy bakalářského studijního programu nebo jiného příbuzného vzdělání;5 let po magisterském studiu a 3 roky po bakalářském studiu;1 rok po magisterském i bakalářském studiu;3 roky praxe pro všechny uchazeče bez ohledu na vzdělání;§ 8 odst. 6 písm. b) autorizačního zákona;9;60;reviewed;individuálně upravené možnosti;
C9;Autorizace;Délka odborné praxe pro oprávnění autorizovaný technik, je nejméně;3 roky, pokud má uchazeč požadované vysokoškolské vzdělání magisterského nebo bakalářského studijního programu a nejméně 5 roků, pokud má uchazeč požadované středoškolské vzdělání;5 let u absolventů vysoké školy a 3 roky u absolventů střední školy;1 rok u každého uchazeče bez ohledu na vzdělání;5 let u každého uchazeče bez ohledu na vzdělání;§ 8 odst. 6 písm. c) autorizačního zákona;9;60;reviewed;individuálně upravené možnosti;
C10;Autorizace;Předmětem zkoušky odborné způsobilosti je zejména;ověření odborných znalostí, pokud nejsou součástí uchazečova uznaného odborného vzdělání a ověření znalostí platných právních předpisů upravujících výkon příslušných odborných činností, popř. činností souvisejících;výhradně ověření schopnosti vést stavební deník, bez znalostí právních předpisů;pouze kontrola dosaženého vzdělání bez zkoušení odborných znalostí;jen kontrola délky praxe uchazeče a správnosti přihlášky;§ 8 odst. 7 autorizačního zákona;9;60;reviewed;individuálně upravené možnosti;
C11;Autorizace;Požadovaný obor vzdělání a druh školy, obsah zkoušek odborné způsobilosti, obsah odborné praxe a formu osvědčení o autorizaci stanoví pro jednotlivé obory a specializace;příslušná Komora;každý jednotlivý stavební úřad pro své správní území;pouze zaměstnavatel uchazeče;výhradně krajský úřad podle bydliště uchazeče;§ 8 odst. 8 autorizačního zákona;9;60;reviewed;individuálně upravené možnosti;
C12;Autorizace;Autorizovaná osoba odpovídá za odbornou úroveň výkonu;veškerých odborných činností poskytovaných v souvislosti s udělenou autorizací, za porušení obecně závazných právních předpisů při výkonu takových činností a za porušení vnitřních předpisů Komory;pouze činností, které osobně provádí na staveništi, nikoli projektové dokumentace;jen za dodržování termínů zakázek, nikoli za odbornou úroveň;výhradně projektů zpracovaných před udělením autorizace;§ 12 odst. 1 autorizačního zákona;9;60;reviewed;individuálně upravené možnosti;
C13;Autorizace;Autorizovaná osoba je povinna vykonávat činnosti, pro které jí byla udělena autorizace,;osobně, popř. ve spolupráci s dalšími autorizovanými osobami nebo ve spolupráci s jinými fyzickými osobami pracujícími pod jejím vedením;vždy pouze prostřednictvím neautorizovaných zaměstnanců bez svého vedení;výhradně právnickou osobou, která razítko použije místo autorizované osoby;bez osobního výkonu a bez vedení spolupracujících osob;§ 12 odst. 2 autorizačního zákona;9;60;reviewed;individuálně upravené možnosti;
C14;Autorizace;K povinnostem autorizované osoby mimo jiné patří;další odborné vzdělávání a sledování informací nezbytných pro správný výkon své činnosti;povinné absolvování jedné nové vysoké školy každý rok;pouze získání stavebního povolení pro každou vlastní zakázku;povinnost přenést odpovědnost za odbornou úroveň výhradně na klienta;§ 12 odst. 5 autorizačního zákona;9;60;reviewed;individuálně upravené možnosti;
C15;Autorizace;K zajištění řádného výkonu vybraných činností ve výstavbě, přesahujících rozsah oboru, popř. specializace, je autorizovaná osoba;povinna zajistit spolupráci osoby s autorizací v příslušném oboru, nebo specializaci;oprávněna vykonat veškerou činnost sama bez ohledu na rozsah svého oboru;povinna zajistit spolupráci libovolné osoby bez příslušné autorizace;povinna tuto část projektu vynechat bez odborné spolupráce;§ 12 odst. 6 autorizačního zákona;9;60;reviewed;individuálně upravené možnosti;
C16;Autorizace;Autorizovaná osoba je povinna;platit řádně a včas členské příspěvky;platit členské příspěvky jen tehdy, používá-li autorizační razítko;platit členské příspěvky pouze na výzvu stavebního úřadu;přenést povinnost hradit své členské příspěvky na stavebníka;§ 12 odst. 7 autorizačního zákona;10;61;reviewed;individuálně upravené možnosti;
C17;Autorizace;Dokumenty související s výkonem činnosti autorizované osoby musí být opatřeny;vlastnoručním podpisem a otiskem autorizačního razítka nebo elektronickým autorizačním razítkem, které obsahuje kvalifikovaný elektronický podpis;pouze podpisem stavebníka bez autorizačního razítka;výhradně neověřenou elektronickou kopií vlastnoručního podpisu;jen razítkem stavebního úřadu bez podpisu autorizované osoby;§ 13 odst. 3 autorizačního zákona;10;61;reviewed;individuálně upravené možnosti;
C18;Autorizace;Výlučné oprávnění k dodávání a odjímání autorizačních razítek i elektronických autorizačních razítek;je svěřeno Komorám;náleží všem stavebním úřadům;přísluší výhradně výrobcům kancelářských razítek;může vykonávat libovolný zaměstnavatel autorizované osoby;§ 13 odst.6 autorizačního zákona;10;61;reviewed;individuálně upravené možnosti;
C19;Autorizace;Autorizovaná osoba je povinna vést chronologický seznam;dokumentů opatřených autorizačním razítkem a vlastnoručním podpisem nebo elektronickým autorizačním razítkem s kvalifikovaným elektronickým podpisem;pouze zakázek bez autorizačního razítka;jen jednání se stavebním úřadem bez přehledu autorizovaných dokumentů;pouze dokumentů, které autorizovaná osoba sama neschválila;§ 13 odst. 4 autorizačního zákona;10;61;reviewed;individuálně upravené možnosti;
C20;Autorizace;Dokumenty označené autorizovanou osobou otiskem autorizačního razítka a vlastnoručním podpisem nebo opatřeny elektronickým autorizačním razítkem s kvalifikovaným elektronickým podpisem;jsou pro úřední účely veřejnými listinami;jsou pro úřední účely vždy pouze soukromými poznámkami;jsou veřejnými listinami teprve po podpisu stavebního úřadu;nemohou být použity pro úřední účely ani po řádném označení;§ 13 odst. 5 autorizačního zákona;10;61;reviewed;individuálně upravené možnosti;
C21;Autorizace;Svobodný architekt nebo svobodný inženýr vykonává;projektovou činnost a poskytuje související odborné služby nezávisle, vlastním jménem, na vlastní odpovědnost a za odměnu;projektovou činnost jménem stavebního úřadu bez vlastní odpovědnosti;projektovou činnost výhradně bez nároku na odměnu;související odborné služby pouze pod jménem zaměstnavatele bez nezávislosti;§ 15 odst. 1 písm. a) autorizačního zákona;10;61;reviewed;individuálně upravené možnosti;
C22;Autorizace;Svobodný architekt nebo svobodný inženýr;nesmí vykonávat činnosti nebo zaměstnání, při nichž by ohrozil nezávislost svého postavení;může vykonávat činnosti nebo zaměstnání, při nichž by ohrozil nezávislost svého postavení;musí vykonávat činnosti nebo zaměstnání, při nichž by ohrozil nezávislost svého postavení;projektovou činnost a poskytuje související odborné služby nezávisle, vlastním jménem, na vlastní odpovědnost a za odměnu;§ 15 odst. 1 písm. b) autorizačního zákona;10;61;reviewed;individuálně zkontrolované možnosti;
C23;Autorizace;Vykonávají-li svobodní architekti nebo svobodní inženýři povolání společně,;upraví si vzájemné vztahy písemnou smlouvou;nemusí si vzájemné vztahy upravit vůbec;postačí jen ústní domluva bez písemné smlouvy;vzájemné vztahy za ně upraví automaticky stavební úřad;§ 15a odst. 1 autorizačního zákona;10;61;reviewed;individuálně upravené možnosti;
C24;Autorizace;Při výkonu své činnosti je autorizovaná osoba povinna uzavřít pojištění z odpovědnosti za škody způsobené výkonem této činnosti;"nejpozději při jejím započetí; to neplatí, vykonává-li autorizovaná osoba tuto činnost v pracovním, služebním, členském nebo jiném obdobném poměru";až po dokončení první zakázky, a to bez výjimky;výhradně při ukončení výkonu činnosti;nejpozději při započetí činnosti i tehdy, pracuje-li v pracovním poměru;§ 16 odst. 1 autorizačního zákona;10;61;reviewed;individuálně upravené možnosti;
C25;Autorizace;Autorizovaná osoba je oprávněna v rozsahu oboru, popř. specializace, pro kterou jí byla udělena autorizace,;vykonávat vybrané a další odborné činnosti, které jsou vymezeny v příslušných ustanoveních autorizačního zákona;vykonávat vybrané činnosti ve všech oborech bez omezení;vykonávat libovolnou odbornou činnost bez ohledu na autorizační zákon;automaticky udělovat autorizaci dalším osobám;§ 17 až 19 autorizačního zákona;10;61;reviewed;individuálně upravené možnosti;
C26;Autorizace;Autorizovaný inženýr a autorizovaný technik v rozsahu oboru, popř. specializace, pro kterou jim byla udělena autorizace, jsou mj. oprávněni;koordinovat vypracování projektové dokumentace;koordinovat vypracování projektové dokumentace smějí pouze autorizovaní inženýři;koordinovat vypracování projektové dokumentace smějí jen zaměstnanci stavebního úřadu;koordinace vypracování projektové dokumentace je autorizovaným osobám zakázána;§ 18 odst. 1 písm. c) a § 19 písm. c) autorizačního zákona;10;61;reviewed;individuálně upravené možnosti;
C27;Autorizace;Autorizovaný inženýr a autorizovaný technik v rozsahu oboru, popř. specializace, pro kterou jim byla udělena autorizace,;mají stejný rozsah oprávnění pro odborné vedení provádění stavby nebo její změny v pozici stavbyvedoucího;autorizovaný technik nesmí být nikdy stavbyvedoucím;autorizovaný inženýr smí vést provádění stavby jen pod dozorem autorizovaného technika;oba mohou odborně vést stavbu pouze mimo obor své autorizace;§ 18 odst. 1 písm. i) a § 19 písm. e) autorizačního zákona;10;61;reviewed;individuálně upravené možnosti;
C28;Autorizace;Autorizovaný technik v rozsahu oboru, popř. specializace, pro který mu byla udělena autorizace, je oprávněn mimo jiné;"vypracovávat projektovou dokumentaci, jestliže celá přísluší jeho oboru; v ostatních případech vypracovávat příslušné části projektové dokumentace";vypracovávat projektovou dokumentaci výhradně mimo obor své autorizace;bez omezení zpracovávat celý projekt i pro části náležející jiným oborům;nikdy vypracovávat projektovou dokumentaci, ani její část;§ 19 písm. a) autorizačního zákona;10;61;reviewed;individuálně upravené možnosti;
C29;Autorizace;Za závažné nebo opětovné porušení povinností autorizované osoby stanovené autorizačním zákonem, Komora autorizované osobě uloží některé z těchto disciplinárních opatření;písemnou důtku, pokutu až do výše 300 000 Kč, pozastavení autorizace na dobu nejvýše tří let, odejmutí autorizace;písemnou důtku, pokutu až do výše 225 000 Kč, pozastavení autorizace na dobu nejvýše tří let, odejmutí autorizace;písemnou důtku, pokutu až do výše 375 000 Kč, pozastavení autorizace na dobu nejvýše tří let, odejmutí autorizace;písemnou důtku, pokutu až do výše 450 000 Kč, pozastavení autorizace na dobu nejvýše tří let, odejmutí autorizace;§ 20 odst. 1 autorizačního zákona;11;62;reviewed;individuálně zkontrolované možnosti;
C30;Autorizace;Komora odejme autorizaci tomu,;komu byla omezena svéprávnost, komu bylo Komorou uloženo disciplinární opatření odejmutí autorizace, komu byla udělena autorizace na podkladě nesprávných nebo neúplných údajů, kdo se písemně vzdá autorizace;pouze komu autorizační razítko zůstalo nevyužité po dobu jednoho roku;komukoli automaticky dnem odchodu do důchodu;jen tomu, kdo se své autorizace vzdá ústně bez dalšího podkladu;§ 10 odst. 2 autorizačního zákona;11;62;reviewed;individuálně upravené možnosti;
D1;Soukromé a trestní právo;Zákon č. 89/2012 Sb., občanský zákoník, předepisuje písemnou formu;pro smlouvu o převodu nemovitosti;pro každou smlouvu o dílo;pouze pro příkazní smlouvu;pro každou kupní smlouvu bez ohledu na její předmět;§ 560 občanského zákoníku;11;62;reviewed;individuálně zkontrolované možnosti;
D2;Soukromé a trestní právo;Dohodnou-li se strany o tom, že smlouva o dílo má být uzavřena písemně a tato dohoda dodržena není, tj. smlouva o dílo není uzavřena v písemné formě;je smlouva neplatná, ledaže strany tento nedostatek dodatečně zhojí;je smlouva vždy platná a formu nelze dodatečně zhojit;je smlouva platná bez ohledu na dřívější dohodu o písemné formě;je neplatná bez možnosti následného zhojení nedostatku;§ 582 občanského zákoníku;11;62;reviewed;individuálně upravené možnosti;
D3;Soukromé a trestní právo;Podle zákona č. 89/2012 Sb., občanský zákoník, musí být plná moc udělena písemně;tehdy, jestliže právní jednání, k němuž je zmocněnec zmocněn, vyžaduje písemnou formu, nebo jde-li o plnou moc udělenou k většímu počtu právních jednání;pouze tehdy, jde-li o prodej movité věci za úplatu;vždy, bez ohledu na formu zmocněného právního jednání a počet jednání;nikdy, ani vyžaduje-li právní jednání písemnou formu;§ 441 občanského zákoníku;11;62;reviewed;individuálně upravené možnosti;
D4;Soukromé a trestní právo;Ten, kdo podepisuje za právnickou osobu,;připojí k názvu právnické osoby svůj podpis, popřípadě i údaj o své funkci nebo o svém pracovním zařazení;připojí výhradně název právnické osoby bez vlastního podpisu;připojí jen svůj podpis bez označení právnické osoby;připojí pouze otisk razítka, vlastnoruční podpis není nutný;§ 161 občanského zákoníku;11;62;reviewed;individuálně upravené možnosti;
D5;Soukromé a trestní právo;Po uplynutí promlčecí lhůty dlužník není povinen plnit svůj dluh. Obecná promlčecí lhůta v závazkových vztazích založených podle občanského zákoníku je;tříletá;jednoletá;pětiletá;desetiletá;§ 629 občanského zákoníku;11;62;reviewed;individuálně upravené možnosti;
D6;Soukromé a trestní právo;Obchodní firmou podle zákona č. 89/2012 Sb., občanský zákoník, je;jméno, pod kterým je podnikatel zapsán do obchodního rejstříku;pouze libovolné obchodní označení, které podnikatel používá bez zápisu;jméno zapsané pouze v katastru nemovitostí;výhradně jméno odpovědného zástupce podnikatele;§ 423 občanského zákoníku;11;62;reviewed;individuálně upravené možnosti;
D7;Soukromé a trestní právo;Při postoupení pohledávky za úplatu;odpovídá postupitel postupníkovi za to, že pohledávka existuje a ručí za její dobytnost;postupitel za existenci pohledávky nikdy neodpovídá;odpovědnost za existenci a dobytnost pohledávky přechází na dlužníka;postupitel odpovídá pouze za předání smlouvy, nikoli za pohledávku;§ 1885 občanského zákoníku;11;62;reviewed;individuálně upravené možnosti;
D8;Soukromé a trestní právo;Je-li uzavřena smlouva o smlouvě budoucí (např. na budoucí koupi nemovitosti) a oprávněná strana nevyzve zavázanou stranu k uzavření budoucí smlouvy ve sjednané nebo zákonem stanovené lhůtě;povinnost uzavřít budoucí smlouvu zaniká;povinnost uzavřít budoucí smlouvu zůstává neomezeně zachována;budoucí smlouva se automaticky považuje za uzavřenou;povinnost uzavřít budoucí smlouvu vznikne až po uplynutí lhůty;§ 1788 občanského zákoníku;11;62;reviewed;individuálně upravené možnosti;
D9;Soukromé a trestní právo;Závazek z příkazní smlouvy (např. k zajištění investorské či inženýrské činnosti) zaniká;smrtí příkazce i smrtí příkazníka nebo zánikem příkazce nebo příkazníka bez právního nástupce;"pouze odstoupením od smlouvy; smrt příkazce ani příkazníka nemá vliv";automaticky převodem nemovitosti, které se činnost týkala;vždy již dnem podpisu příkazní smlouvy;§ 2441 občanského zákoníku;11;62;reviewed;individuálně upravené možnosti;
D10;Soukromé a trestní právo;Dojde-li po uzavření smlouvy ke změně okolností tak podstatné, že změna založí zvlášť hrubý nepoměr v právech a povinnostech stran, pro který jedna z nich bude znevýhodněna;může se strana dotčená takovou změnou (znevýhodněná strana) domáhat po druhé straně, aby jednání o smlouvě byla obnovena;smlouva automaticky zanikne bez možnosti obnovit jednání;znevýhodněná strana nesmí požádat o obnovení jednání o smlouvě;každá změna okolností zakládá právo druhé strany na okamžitou výplatu celé ceny;§ 1765 občanského zákoníku;11;62;reviewed;individuálně upravené možnosti;
D11;Soukromé a trestní právo;Vlastnictví k nemovité věci zapsané do katastru nemovitostí se nabývá;zápisem do katastru nemovitostí;pouze podpisem smlouvy, bez ohledu na zápis v katastru;automaticky předáním klíčů od nemovitosti;vždy dnem zaplacení kupní ceny bez zápisu v katastru;§ 1105 občanského zákoníku;12;63;reviewed;individuálně upravené možnosti;
D12;Soukromé a trestní právo;Stavba budovaná podle smlouvy o dílo na pozemku ve vlastnictví objednatele;se stává součástí pozemku objednatele, a tak jeho vlastnictvím;se vždy stává samostatnou věcí ve vlastnictví zhotovitele;se stává součástí sousedního pozemku, i když na něj nezasahuje;zůstává ve vlastnictví stavebního úřadu až do kolaudace;§ 498 a 1083 občanského zákoníku;12;63;reviewed;individuálně upravené možnosti;
D13;Soukromé a trestní právo;Cenu díla provedeného na základě smlouvy o dílo je objednatel povinen zaplatit zhotoviteli;v době sjednané ve smlouvě, nejpozději však do 30 dnů od doručení faktury nebo od převzetí díla, bylo-li sjednáno;v době sjednané ve smlouvě, nejpozději však do 22 dnů od doručení faktury nebo od převzetí díla, bylo-li sjednáno;v době sjednané ve smlouvě, nejpozději však do 38 dnů od doručení faktury nebo od převzetí díla, bylo-li sjednáno;v době sjednané ve smlouvě, nejpozději však do 45 dnů od doručení faktury nebo od převzetí díla, bylo-li sjednáno;§ 1963 občanského zákoníku;12;63;reviewed;individuálně zkontrolované možnosti;
D14;Soukromé a trestní právo;Zhotovitel stavby nese nebezpečí škody (např. pro případ krádeží) nebo zničení stavby;až do předání stavby objednateli, ledaže by ke škodě došlo i jinak (např. vichřicí či povodní);jen do okamžiku zahájení stavebních prací;až od předání stavby objednateli;"nikdy; veškeré nebezpečí škody nese objednatel po celou dobu výstavby";§ 2624 občanského zákoníku;12;63;reviewed;individuálně upravené možnosti;
D15;Soukromé a trestní právo;Je zhotovitel stavby povinen upozornit objednatele na vady projektové dokumentace nebo na nevhodný pokyn objednatele?;"zhotovitel je povinen objednatele bez zbytečného odkladu (nejlépe písemně) upozornit na nevhodnost dokumentace či pokynu; to neplatí, pokud zhotovitel nemohl nevhodnost zjistit ani při vynaložení potřebné péče";zhotovitel nemusí na zjevnou vadu dokumentace objednatele upozornit;zhotovitel upozorní na nevhodný pokyn teprve po dokončení díla;zhotovitel musí postupovat podle nevhodného pokynu i při jeho zjištění a nemá povinnost nic sdělit;§ 2594 občanského zákoníku;12;63;reviewed;individuálně upravené možnosti;
D16;Soukromé a trestní právo;Pokud je nevhodná věc (např. vadná projektová dokumentace) nebo nevhodný pokyn na překážku provádění díla;"zhotovitel má právo provádění díla v nezbytném rozsahu přerušit až do výměny nevhodné věci nebo příkazu; lhůta pro dokončení díla se prodlužuje o dobu vyvolanou přerušením";zhotovitel musí pokračovat i přes překážku bez výměny nevhodné věci;zhotovitel může jednostranně zkrátit lhůtu dokončení o dobu přerušení;zhotovitel nesmí provádění díla přerušit ani v nezbytném rozsahu;§ 2594 občanského zákoníku;12;63;reviewed;individuálně upravené možnosti;
D17;Soukromé a trestní právo;Trvá-li objednatel na provedení díla podle zřejmě nevhodného příkazu nebo s použitím zřejmě nevhodné věci (např. vadné projektové dokumentace) i po upozornění zhotovitele;zhotovitel může od smlouvy odstoupit;stavebník může od smlouvy odstoupit;projektant může od smlouvy odstoupit;zhotovitel musí od smlouvy odstoupit;§ 2595 občanského zákoníku;12;63;reviewed;individuálně zkontrolované možnosti;
D18;Soukromé a trestní právo;Pokud stavba vykazuje ojedinělé drobné vady, které samy o sobě ani ve spojení s jinými nebrání užívání stavby;nemůže objednatel odmítnout převzetí stavby;může objednatel bez dalšího odmítnout převzetí stavby;musí objednatel vždy odmítnout převzetí stavby;objednatel nemá právo stavbu nikdy převzít, má-li jakoukoli drobnou vadu;§ 2628 a 2630 občanského zákoníku;12;63;reviewed;individuálně upravené možnosti;
D19;Soukromé a trestní právo;Může zhotovitel požadovat zvýšení ceny u stavby zadané podle rozpočtu, který je součástí smlouvy nebo byl objednateli předem sdělen a nebyl dán s výhradou nezávaznosti nebo neúplnosti;nemůže;může vždy bez souhlasu objednatele;může vždy, jakmile cena materiálu vzroste;může jednostranně zvýšit cenu jen proto, že podcenil rozpočet;§ 2620 až 2622 občanského zákoníku;12;63;reviewed;individuálně upravené možnosti;
D20;Soukromé a trestní právo;Občanský zákoník u smlouvy o dílo;"nestanoví žádnou záruku ze zákona a je ji proto třeba sjednat ve smlouvě; záruku může též jednostranně písemně prohlásit zhotovitel (záruční prohlášení)";"nestanoví žádnou záruku ze zákona a je ji proto třeba sjednat ve smlouvě; záruku může též jednostranně písemně prohlásit stavebník (záruční prohlášení)";"nestanoví žádnou záruku ze zákona a je ji proto třeba sjednat ve smlouvě; záruku může též jednostranně písemně prohlásit projektant (záruční prohlášení)";"nestanoví žádnou záruku ze zákona a je ji proto třeba sjednat ve smlouvě; záruku může též jednostranně ústně prohlásit zhotovitel (záruční prohlášení)";§ 2615 až 2619 občanského zákoníku;12;63;reviewed;individuálně zkontrolované možnosti;
D21;Soukromé a trestní právo;Poruší-li smluvní strana smlouvu podstatným způsobem;je druhá strana oprávněna od smlouvy bez zbytečného odkladu odstoupit;druhá strana nikdy nemůže od smlouvy odstoupit;smlouva vždy automaticky zaniká bez jakéhokoli jednání druhé strany;druhá strana smí odstoupit teprve pět let po porušení smlouvy;§ 2001 až 2005 občanského zákoníku;12;63;reviewed;individuálně upravené možnosti;
D22;Soukromé a trestní právo;Zhotovitel stavby odpovídá za vady stavby způsobené jeho subdodavateli;vždy;pouze ve výjimečných případech;jen na žádost;nemůže;§ 1935 občanského zákoníku;12;63;reviewed;individuálně zkontrolované možnosti;
D23;Soukromé a trestní právo;Skryté vady stavby nebo projektové dokumentace musí být jejímu zhotoviteli oznámeny nejpozději;do pěti let od převzetí stavby;do jednoho roku od převzetí stavby;do tří let od převzetí stavby;do deseti let od převzetí stavby;§ 2629 a 2630 občanského zákoníku;12;63;reviewed;individuálně zkontrolované možnosti;
D24;Soukromé a trestní právo;Je projektant povinen nahradit škodu způsobenou nesprávnou nebo neúplnou projektovou dokumentací?;"projektant jako osoba, která je odborníkem ve svém oboru a k této odbornosti se hlásí, je povinen nahradit škodu způsobenou nesprávnou nebo neúplnou projektovou dokumentací, kterou za odměnu zpracoval; jeho povinnost k náhradě škody vzniká bez ohledu na zavinění (je to odpovědnost objektivní)";"stavbyvedoucí jako osoba, která je odborníkem ve svém oboru a k této odbornosti se hlásí, je povinen nahradit škodu způsobenou nesprávnou nebo neúplnou projektovou dokumentací, kterou za odměnu zpracoval; jeho povinnost k náhradě škody vzniká bez ohledu na zavinění (je to odpovědnost objektivní)";"stavebník jako osoba, která je odborníkem ve svém oboru a k této odbornosti se hlásí, je povinen nahradit škodu způsobenou nesprávnou nebo neúplnou projektovou dokumentací, kterou za odměnu zpracoval; jeho povinnost k náhradě škody vzniká bez ohledu na zavinění (je to odpovědnost objektivní)";"projektant jako osoba, která je odborníkem ve svém oboru a k této odbornosti se hlásí, je oprávněn nahradit škodu způsobenou nesprávnou nebo neúplnou projektovou dokumentací, kterou za odměnu zpracoval; jeho povinnost k náhradě škody vzniká bez ohledu na zavinění (je to odpovědnost objektivní)";§ 2950 občanského zákoníku;13;64;reviewed;individuálně zkontrolované možnosti;
D25;Soukromé a trestní právo;Pokud je vada stavby důsledkem vady projektové dokumentace, spolu se zhotovitelem stavby odpovídá také;subdodavatel (ledaže prokáže, že vadu způsobilo jen rozhodnutí zhotovitele nebo stavebního dozoru), dodavatel projektové dokumentace (ledaže prokáže, že vadu nezpůsobila chyba stavební dokumentace) a osoba provádějící stavební dozor (ledaže prokáže, že vadu stavby nezpůsobilo selhání dozoru);pouze objednatel, bez ohledu na příčinu vady dokumentace;vždy jen stavební úřad, nikoli dodavatel projektové dokumentace;"nikdo další; za každou vadu odpovídá výhradně zhotovitel stavby";§ 2630 občanského zákoníku;13;64;reviewed;individuálně upravené možnosti;
D26;Soukromé a trestní právo;Zhotovitel se zprostí povinnosti z vady stavby,;pokud prokáže, že vadu způsobila jen chyba ve stavební dokumentaci dodané osobou, kterou si objednatel zvolil, nebo jen selhání dozoru nad stavbou vykonávaného osobou, kterou si objednatel zvolil;pokud je vada stavby způsobena výhradně jeho vlastní nesprávnou prací;vždy, když jen tvrdí, že odpovídá projektant, bez prokázání příčiny vady;i když vadu způsobil společně se zvoleným projektantem nebo stavebním dozorem;§ 2630 občanského zákoníku;13;64;reviewed;individuálně upravené možnosti;
D27;Soukromé a trestní právo;Pokud dojde při realizaci stavby k poškození sousedního domu, má majitel nárok na náhradu škody?;Majitel sousedního domu má nárok na náhradu škody i v případě, kdy zhotovitel postupoval přesně tak, jak měl (tj. kdy neporušil žádnou právní povinnost);ne, nárok je vyloučen vždy, když zhotovitel neporušil povinnost;ne, poškození sousední stavby nikdy nemůže založit nárok na náhradu;ano, ale pouze po odsouzení zhotovitele za úmyslný trestný čin;§ 2926 občanského zákoníku;13;64;reviewed;individuálně upravené možnosti;
D28;Soukromé a trestní právo;Pokud zhotovitel při výkopových pracích poškodí vodovodní potrubí, zhotovitel;je povinen nahradit škodu. Povinnosti k náhradě škody se však zprostí, prokáže-li, že vynaložil veškerou péči, kterou lze rozumně požadovat, aby ke škodě nedošlo;za škodu na potrubí v žádném případě neodpovídá;odpovídá za škodu bez možnosti prokázat vynaložení potřebné péče;hradí škodu výhradně tehdy, pokud poškodil také povrch vozovky;§ 2924 občanského zákoníku;13;64;reviewed;individuálně upravené možnosti;
D29;Soukromé a trestní právo;Objednatel projektové dokumentace, která je pro zhotovitele chráněna právem průmyslového nebo jiného duševního vlastnictví, může užívat projektovou dokumentaci;jen k účelu vyplývajícímu ze smlouvy;k jakémukoli účelu bez ohledu na smlouvu;jen za účelem, který jednostranně oznámí třetí osobě místo zhotovitele;výhradně k prodeji dokumentace jiným stavebníkům;§ 2631 až 2634 občanského zákoníku;13;64;reviewed;individuálně upravené možnosti;
D30;Soukromé a trestní právo;Může vlastník pozemku požadovat, aby se soused zdržel zřizování stavby na sousedním pozemku;může, má-li proto rozumný důvod a stavba má být zřízena v těsné blízkosti společné hranice pozemků;nemůže to požadovat ani při rozumném důvodu a těsné blízkosti hranice;může to požadovat bez rozumného důvodu u stavby kdekoli v obci;může to požadovat jen tehdy, vlastní-li zároveň sousední pozemek;§ 1020 občanského zákoníku;13;64;reviewed;individuálně upravené možnosti;
D31;Soukromé a trestní právo;Ploty, zdi, meze a jiné rozhrady;jsou společné;jsou vždy výlučným vlastnictvím jediného souseda;nikdy nemohou sloužit jako společné rozhrady;automaticky přecházejí do vlastnictví obce;§ 1024 až 1028 občanského zákoníku;13;64;reviewed;individuálně upravené možnosti;
D32;Soukromé a trestní právo;Liniové stavby, zejména vodovody, kanalizace nebo energetická či jiná vedení;jsou samostatnou věcí a nejsou součástí pozemku;jsou vždy součástí pozemku, jímž procházejí;nemohou být samostatnou věcí;jsou automaticky součástí nejbližší budovy;§ 509 občanského zákoníku;13;64;reviewed;individuálně upravené možnosti;
D33;Soukromé a trestní právo;Zástavní právo ke stavbě, která je součástí pozemku zapsaného v katastru nemovitostí, vzniká;zápisem do katastru nemovitostí;pouze uzavřením ústní dohody s vlastníkem pozemku;automaticky dokončením stavby;předáním stavby zhotovitelem bez zápisu do katastru;§ 1316 občanského zákoníku;13;64;reviewed;individuálně upravené možnosti;
D34;Soukromé a trestní právo;Věcné břemeno k nemovitosti (např. služebnost cesty, služebnost inženýrských sítí nebo právo na vodu);vzniká zápisem do katastru nemovitostí a lze je zřídit ve prospěch určitého pozemku nebo určité osoby (pak služebnost zanikne smrtí oprávněné osoby);vzniká automaticky ústním souhlasem souseda bez zápisu do katastru;nelze nikdy zřídit ve prospěch určité osoby;může vzniknout pouze ve prospěch stavby, nikoli ve prospěch pozemku;§ 1257, 1265 a 1302 občanského zákoníku;13;64;reviewed;individuálně upravené možnosti;
D35;Soukromé a trestní právo;Pokud stavebník zřídí po 1. 1. 2014 stavbu na pozemku třetí osoby (a neujednají si nic jiného);stavba se stává součástí pozemku, tj. je ve vlastnictví vlastníka pozemku;stavba zůstává vždy samostatnou věcí stavebníka;stavba přechází do vlastnictví projektanta po kolaudaci;stavba se stává vlastnictvím stavebního úřadu až do zaplacení ceny díla;§ 506, 1084 občanského zákoníku;13;64;reviewed;individuálně upravené možnosti;
D36;Soukromé a trestní právo;Právo stavby;představuje věcné právo stavebníka mít na povrchu nebo pod povrchem pozemku jiného vlastníka stavbu;výhradní oprávnění mít stavbu pouze na vlastním pozemku;osobní oprávnění projektanta upravovat stavbu souseda bez souhlasu vlastníka;nárok stavebníka získat bezúplatně vlastnické právo k celému cizímu pozemku;§ 1240 občanského zákoníku;14;65;reviewed;individuálně upravené možnosti;
D37;Soukromé a trestní právo;Pokud osoba v dobré víře užívá cizí pozemek jako vlastní, může za určitých podmínek cizí pozemek vydržet (tj. stát se jeho vlastníkem) po uplynutí vydržecí doby;10 let pro řádné vydržení a 20 let pro mimořádné vydržení;8 let pro řádné vydržení a 20 let pro mimořádné vydržení;12 let pro řádné vydržení a 20 let pro mimořádné vydržení;15 let pro řádné vydržení a 20 let pro mimořádné vydržení;§ 1089, 1091 a 1095 občanského zákoníku;14;65;reviewed;individuálně zkontrolované možnosti;
D38;Soukromé a trestní právo;Pokud trvalá stavba zasahuje malou částí na malou část cizího pozemku (jde o tzv. přestavek);zřizovatel stavby se stane vlastníkem části cizího pozemku zastavěného přestavkem, pokud je zřizovatel stavby v dobré víře;stavebník se vždy stane vlastníkem celého cizího pozemku;zřizovatel nikdy nenabude zastavěnou část cizího pozemku ani při dobré víře;přestavek se bez dalšího stane majetkem obce;§ 1087 občanského zákoníku;14;65;reviewed;individuálně upravené možnosti;
D39;Soukromé a trestní právo;Trestným činem je;protiprávní čin, který zákon č. 40/2009 Sb., trestní zákoník, označuje za trestný a který vykazuje znaky uvedené v trestním zákoníku;každé jednání, které je proti dobrým mravům, i když je trestní zákoník neoznačuje za trestné;každý přestupek řešený stavebním úřadem;každé porušení soukromé smlouvy bez ohledu na znaky stanovené zákonem;§ 13 odst. 1 trestního zákoníku;14;65;reviewed;individuálně upravené možnosti;
D40;Soukromé a trestní právo;Trestní odpovědnost za spáchaný trestný čin podle zákona č. 40/2009 Sb., trestní zákoník, nastává tehdy,;byl-li spáchán úmyslně, nebo jestliže trestní zákoník výslovně stanoví, že postačí zavinění z nedbalosti;za jakýkoli čin spáchaný z nedbalosti, i když ji zákon nepostačuje;pouze pokud byl čin spáchán úmyslně, i kdyby zákon umožňoval nedbalost;za čin bez zavinění bez ohledu na ustanovení trestního zákoníku;§ 13 odst. 2 trestního zákoníku;14;65;reviewed;individuálně upravené možnosti;
D41;Soukromé a trestní právo;Trestný čin je spáchán z nedbalosti, jestliže pachatel;věděl, že svým jednáním (opomenutím) může způsobit škodlivý následek, ale bez přiměřeného důvodu spoléhal, že tento výsledek nezpůsobí, nebo nevěděl, že svým jednáním (opomenutím) takový následek může způsobit, ač o tom vzhledem k okolnostem a k svým osobním poměrům (např. zastávané funkci stavbyvedoucího) vědět měl nebo mohl;pouze tehdy, když chtěl škodlivý následek přímo způsobit;jen tehdy, když předem se škodlivým následkem jednoznačně souhlasil;vždy, když nemohl následek předvídat ani při veškeré možné péči;§ 16 odst. 1 trestního zákoníku;14;65;reviewed;individuálně upravené možnosti;
D42;Soukromé a trestní právo;Pokud při zřícení nosné konstrukce mostu přijde o život několik lidí, přičemž se zjistí, že příčinou pádu mostu byly vady projektové dokumentace, které by zhotovitel jako odborník měl odhalit (avšak neodhalil);proti odpovědným osobám může být vedeno trestní stíhání pro spáchání trestného činu obecného ohrožení z nedbalosti nebo usmrcení z nedbalosti. Poškozené osoby (např. pozůstalí) mohou požadovat náhradu škody v rámci trestního nebo občanskoprávního řízení;trestní stíhání je vyloučeno už proto, že příčinou byly vady projektové dokumentace;poškození nemohou uplatnit náhradu škody v žádném řízení;trestně odpovědné osoby nelze stíhat pro nedbalostní trestné činy;§ 143 odst. 2 a 273 trestního zákoníku;14;65;reviewed;individuálně upravené možnosti;
D43;Soukromé a trestní právo;Pokud kvůli vadné projektové dokumentace dojde ke zřícení mostu, přičemž přijde o život několik lidí,;trestní stíhání může být vedeno nejen vůči odpovědným osobám (např. projektant, zhotovitel, subdodavatel), ale také proti právnickým osobám (např. projekční kancelář, stavební společnost);trestně lze stíhat jen projektanta jako fyzickou osobu, nikdy právnickou osobu;trestní stíhání projekční kanceláře je vždy vyloučeno, i když je právnickou osobou;odpovědné fyzické osoby nelze stíhat, lze stíhat výhradně právnickou osobu;§ 1 a násl. zákona č. 418/2011 Sb., o trestní odpovědnosti právnických osob a řízení proti nim;14;65;reviewed;individuálně upravené možnosti;
E1;Veřejné zakázky;Podle předmětu se veřejné zakázky dělí na;veřejné zakázky na dodávky, veřejné zakázky na služby, veřejné zakázky na stavební práce, koncese na služby a koncese na stavební práce;pouze na nadlimitní a podlimitní veřejné zakázky;jen na veřejné zakázky na služby a na stavební práce, dodávky se neuvádějí;výhradně na koncese na služby a koncese na stavební práce;§ 2 odst. 2 zákona o zadávání veřejných zakázek;14;65;reviewed;individuálně upravené možnosti;
E2;Veřejné zakázky;Podle výše předpokládané hodnoty se veřejné zakázky rozlišují na;nadlimitní veřejné zakázky, podlimitní veřejné zakázky a veřejné zakázky malého rozsahu;na zakázky na dodávky, služby a stavební práce;pouze na nadlimitní veřejné zakázky a zakázky malého rozsahu;na koncesní, jednací a otevřené veřejné zakázky;§ 25, § 26 a § 27 zákona o zadávání veřejných zakázek;14;65;reviewed;individuálně upravené možnosti;
E3;Veřejné zakázky;Veřejnou zakázkou malého rozsahu je veřejná zakázka, jejíž předpokládaná hodnota je;v případě veřejné zakázky na dodávky nebo veřejné zakázky na služby nižší nebo rovna částce 3 mil. Kč, v případě veřejné zakázky na stavební práce nižší nebo rovna částce 9 mil. Kč;zakázka na dodávky za 4 mil. Kč a na stavební práce za 10 mil. Kč se vždy považuje za zakázku malého rozsahu;veřejná zakázka na stavební práce za 12 mil. Kč patří do malého rozsahu, zatímco dodávka za 1 mil. Kč nikoli;zakázka na dodávky za 3 mil. Kč ani zakázka na stavební práce za 9 mil. Kč do malého rozsahu nikdy nespadá;§ 27 písm. a) a b) zákona o zadávání veřejných zakázek;14;65;reviewed;individuálně upravené možnosti;
E4;Veřejné zakázky;Předpokládaná hodnota veřejné zakázky:;nezahrnuje DPH;zahrnuje DPH v plné výši;počítá se jako hodnota zakázky včetně DPH;stanoví se výhradně podle částky DPH bez ceny plnění;§ 16 odst. 1 zákona o zadávání veřejných zakázek;15;66;reviewed;individuálně upravené možnosti;
E5;Veřejné zakázky;Zákon č. 134/2016 Sb., o zadávání veřejných zakázek, upravuje tyto druhy zadávacích řízení:;otevřené řízení, užší řízení, jednací řízení s uveřejněním, jednací řízení bez uveřejnění, zjednodušené podlimitní řízení, řízení se soutěžním dialogem, řízení o inovačním partnerství, koncesní řízení a řízení pro zadání veřejné zakázky ve zjednodušeném režimu;pouze otevřené a užší řízení;výhradně jednací řízení bez uveřejnění a koncesní řízení;jen otevřené řízení, soutěž o návrh a dražbu nemovitostí;§ 3 zákona o zadávání veřejných zakázek;15;66;reviewed;individuálně upravené možnosti;
E6;Veřejné zakázky;Zjednodušené podlimitní řízení může veřejný zadavatel použít pro zadání;podlimitní veřejné zakázky na dodávky nebo na služby, nebo podlimitní veřejné zakázky na stavební práce, jejíž předpokládaná hodnota je nižší nebo rovna částce 50 mil. Kč;stavební zakázku za 60 mil. Kč i při překročení limitu 50 mil. Kč;stavební zakázku přesně za 50 mil. Kč nelze zjednodušeným podlimitním řízením zadat;zjednodušené podlimitní řízení se nikdy nesmí použít na dodávky ani na služby;§ 52 písm. a) zákona o zadávání veřejných zakázek;15;66;reviewed;individuálně upravené možnosti;
E7;Veřejné zakázky;Veřejnou zakázkou na stavební práce je též veřejná zakázka, jejímž předmětem je;poskytnutí souvisejících projektových činností, pokud jsou zadávány společně se stavebními pracemi;samotné poskytnutí projektových činností bez stavebních prací;poskytnutí výhradně právních služeb k uzavření smlouvy;pouze nákup hotových stavebních výrobků bez montážních prací;§ 14 odst. 3 písm. c) zákona o zadávání veřejných zakázek;15;66;reviewed;individuálně upravené možnosti;
E8;Veřejné zakázky;Stavbou se pro účely zákona č. 134/2016 Sb., o zadávání veřejných zakázek, rozumí;výsledek stavebních nebo montážních prací vytvářející jednotný celek, který je sám o sobě dostatečný k plnění hospodářské nebo technické funkce;každý samostatný stavební výrobek bez ohledu na jeho použití;pouze projektová dokumentace stavby bez provedení prací;jakékoli montážní práce, i když netvoří celek schopný plnit funkci;§ 14 odst. 4 zákona o zadávání veřejných zakázek;15;66;reviewed;individuálně upravené možnosti;
E9;Veřejné zakázky;Zadávací dokumentace veřejné zakázky na stavební práce (jejímž předmětem není též související projektová činnost) obsahuje;"dokumentaci a soupis stavebních prací, dodávek a služeb s výkazem výměr, a to v rozsahu stanoveném vyhláškou Ministerstva pro místní rozvoj; tyto dokumenty mohou být částečně nebo zcela nahrazeny požadavky na výkon nebo funkci";pouze volný slovní popis stavby bez dokumentace a soupisu prací;jen projektovou dokumentaci, nikdy soupis stavebních prací a výkaz výměr;výhradně cenovou nabídku vybraného dodavatele bez zadávací dokumentace;§ 92 odst. 1 a 2 zákona o zadávání veřejných zakázek;15;66;reviewed;individuálně upravené možnosti;
E10;Veřejné zakázky;Dokumentace pro zadání stavebních prací (jejichž předmětem není též související projektová činnost) určuje;stavbu v technických, ekonomických a architektonických podrobnostech, které jednoznačně vymezují předmět veřejné zakázky, jeho hmotové, materiálové, stavebně-technické, technologické, dispoziční a provozní vlastnosti, vzhled a jakost, a umožňuje vyhotovit soupis stavebních prací, dodávek a služeb s výkazem výměr;pouze cenu zakázky bez technického vymezení stavby;výhradně architektonický vzhled bez materiálových, technologických a provozních vlastností;jen informace o vlastníkovi pozemku, nikoli údaje potřebné k soupisu prací;§ 2 odst. 2 vyhlášky č. 169/2016 Sb.;15;66;reviewed;individuálně upravené možnosti;
E11;Veřejné zakázky;Součástí zadávací dokumentace veřejné zakázky na stavební práce (jejímž předmětem není též související projektová činnost) musí být dokumentace pro zadání stavebních prací, která svým rozsahem odpovídá;projektové dokumentaci pro provádění stavby nebo projektové dokumentaci pro provádění dopravní stavby nebo dokumentaci bouracích prací, a to podle vyhlášky o dokumentaci staveb nebo vyhlášky o rozsahu a obsahu projektové dokumentace dopravních staveb;výhradně architektonické studii bez technických podrobností;pouze územně plánovací dokumentaci obce;jen seznamu nabídek dodavatelů, bez dokumentace pro provádění stavby;§ 2 odst. 1 vyhlášky č. 169/2016 Sb.;15;66;reviewed;individuálně upravené možnosti;
E12;Veřejné zakázky;Soupis stavebních prací, dodávek a služeb u veřejné zakázky na stavební práce stanoví;v přímé návaznosti na dokumentaci pro zadání stavebních prací podrobný popis všech předpokládaných stavebních prací, dodávek nebo služeb, které jsou předmětem veřejné zakázky na stavební práce;pouze celkovou cenu stavby bez jednotlivých položek a návaznosti na dokumentaci;výhradně výběr dodavatele a uzavření smlouvy, nikoli podrobný popis prací;jen seznam pozemků dotčených stavbou bez výkazu výměr;§ 3 vyhlášky č. 169/2016 Sb.;15;66;reviewed;individuálně upravené možnosti;
E13;Veřejné zakázky;Kvalifikaci pro plnění nadlimitní veřejné zakázky splní dodavatel, který prokáže veřejnému zadavateli splnění;základní způsobilosti, profesní způsobilosti, ekonomické kvalifikace a technické kvalifikace v rozsahu stanoveném zákonem a zadavatelem v zadávací dokumentaci;pouze základní způsobilosti a bez dalších zákonem požadovaných kvalifikací;jen ekonomické kvalifikace bez profesní způsobilosti;výhradně technické kvalifikace bez základní způsobilosti;§ 73 odst. 1, odst. 2 a odst. 3 zákona o zadávání veřejných zakázek;15;66;reviewed;individuálně upravené možnosti;
E14;Veřejné zakázky;Při hodnocení nabídek u nadlimitních veřejných zakázek na služby architektů a projektantů;nesmí být ekonomická výhodnost stanovena pouze na základě nejnižší nabídkové ceny;může být ekonomická výhodnost stanovena výlučně podle nejnižší ceny;musí být hodnocena pouze nejnižší nabídková cena;kvalita projektu se nesmí při hodnocení vůbec zohlednit;§ 114 odst. 3 písm. b) zákona o zadávání veřejných zakázek;15;66;reviewed;individuálně upravené možnosti;
E15;Veřejné zakázky;Při hodnocení ekonomické výhodnosti nabídek podle kvality mohou být hodnotícím kritériem mj.;organizace, kvalifikace nebo zkušenost osob, které se mají přímo podílet na plnění veřejné zakázky, pokud má kvalita těchto osob významný dopad na úroveň plnění;výhradně organizační struktura dodavatele bez vztahu ke konkrétnímu plnění;jen počet zaměstnanců bez ohledu na kvalifikaci osob plnících zakázku;výlučně cena bez možnosti hodnotit kvalitu osob přímo zapojených do plnění;§ 116 odst. 2 písm. e) zákona o zadávání veřejných zakázek;16;67;reviewed;individuálně upravené možnosti;
E16;Veřejné zakázky;Soutěží o návrh se rozumí postup zadavatele;směřující k získání návrhu, kterým je zejména plán nebo projekt v oblasti územního plánování nebo architektonických, stavebních, technických a inspekčních služeb;postup zadavatele zaměřený výhradně na nákup stavebních materiálů;postup, kterým se automaticky vydává stavební povolení;pouze řízení o schválení nabídky nejnižší ceny bez získání návrhu;§ 143 odst. 1 zákona o zadávání veřejných zakázek;16;67;reviewed;individuálně upravené možnosti;
E17;Veřejné zakázky;Podle způsobu zadávání se soutěž o návrh člení na;otevřenou soutěž o návrh a užší soutěž o návrh;na nadlimitní a podlimitní soutěž o návrh;na koncesní a jednací soutěž o návrh;pouze na otevřenou soutěž o návrh, nikoli na užší;§ 145 a 146 zákona o zadávání veřejných zakázek;16;67;reviewed;individuálně upravené možnosti;
E18;Veřejné zakázky;Za koncesi na stavební práce se považuje;uzavření úplatné smlouvy, kterou zadavatel zadá provedení stavebních prací dodavateli, přičemž protiplnění spočívá v právu na braní užitků vyplývajících z provozování provedené stavby, která je výsledkem poskytnutých stavebních prací, nebo v tomto právu společně s platbou, a to s podmínkou přenosu provozního rizika spojeného s braním užitků vyplývajících z provozování stavby na dodavatele;uzavření úplatné smlouvy, kterou zadavatel zadá provedení stavebních prací dodavateli, přičemž protiplnění spočívá v právu na braní užitků vyplývajících z provozování provedené stavby, která je výsledkem poskytnutých stavebních prací, nebo v tomto právu společně s platbou, a to s podmínkou přenosu provozního rizika spojeného s braním užitků vyplývajících z provozování stavby na zadavatele;uzavření úplatné smlouvy, kterou zadavatel zadá provedení stavebních prací dodavateli, přičemž protiplnění spočívá v právu na braní užitků vyplývajících z provozování provedené stavby, která je výsledkem poskytnutých stavebních prací, nebo v tomto právu společně s platbou, a to s podmínkou přenosu provozního rizika spojeného s braním užitků vyplývajících z provozování stavby na projektanta;uzavření úplatné smlouvy, kterou dodavatel zadá provedení stavebních prací dodavateli, přičemž protiplnění spočívá v právu na braní užitků vyplývajících z provozování provedené stavby, která je výsledkem poskytnutých stavebních prací, nebo v tomto právu společně s platbou, a to s podmínkou přenosu provozního rizika spojeného s braním užitků vyplývajících z provozování stavby na dodavatele;§ 174 odst. 2 písm. a) a b) zákona o zadávání veřejných zakázek;16;67;reviewed;individuálně zkontrolované možnosti;
F1;Živnostenské právo;Živností je;soustavná činnost provozovaná samostatně, vlastním jménem, na vlastní odpovědnost, za účelem dosažení zisku a za podmínek stanovených živnostenským zákonem;jednorázová činnost provozovaná výhradně pro vlastní potřebu bez účelu zisku;soustavná činnost prováděná pouze jménem zaměstnavatele a na jeho odpovědnost;jakákoli výdělečná činnost bez ohledu na podmínky živnostenského zákona;§ 2 živnostenského zákona;16;67;reviewed;individuálně upravené možnosti;
F2;Živnostenské právo;Všeobecné podmínky provozování živnosti fyzickými osobami jsou;plná svéprávnost, kterou lze nahradit přivolením soudu k souhlasu zákonného zástupce nezletilého k samostatnému provozování podnikatelské činnosti, a bezúhonnost;výhradně odborná kvalifikace a pětiletá praxe;pouze plná svéprávnost bez požadavku bezúhonnosti;jen zápis do obchodního rejstříku a vlastnictví provozovny;§ 6 odst. 1 živnostenského zákona;16;67;reviewed;individuálně upravené možnosti;
F3;Živnostenské právo;Zvláštní podmínky provozování živnosti jsou;odborná nebo jiná způsobilost, pokud je živnostenský zákon nebo zvláštní předpisy vyžadují;vždy jen plná svéprávnost a bezúhonnost;automatické členství v živnostenském společenstvu;výhradně minimální obrat a počet zaměstnanců;§ 7 odst. 1 živnostenského zákona;16;67;reviewed;individuálně upravené možnosti;
F4;Živnostenské právo;Živnostenské oprávnění vzniká;dnem ohlášení, pokud nemá ohlášení závady a ohlašovatel splňuje podmínky stanovené živnostenským zákonem, dnem nabytí právní moci rozhodnutí o udělení koncese, případně dnem zápisu do obchodního nebo obdobného rejstříku;automaticky dnem podání jakéhokoli neúplného ohlášení;teprve dnem vystavení první faktury za živnostenskou činnost;bez výjimky až dnem zápisu do obchodního rejstříku;§ 10 odst. 1 a 5 živnostenského zákona;16;67;reviewed;individuálně upravené možnosti;
F5;Živnostenské právo;Živnostenské oprávnění se prokazuje;výpisem ze živnostenského rejstříku;pouze občanským průkazem podnikatele;výhradně výpisem z katastru nemovitostí;jen první vystavenou fakturou;§ 10 odst. 3 živnostenského zákona;16;67;reviewed;individuálně upravené možnosti;
F6;Živnostenské právo;Odpovědný zástupce je;fyzická osoba ustanovená podnikatelem, kterému odpovídá za řádný provoz živnosti a za dodržování živnostenskoprávních předpisů a je k němu ve smluvním vztahu;libovolná právnická osoba bez osobní odpovědnosti za provoz živnosti;osoba jednostranně určená živnostenským úřadem bez smluvního vztahu k podnikateli;každý zaměstnanec podnikatele, i když nebyl odpovědným zástupcem ustanoven;§ 11 odst. 1 živnostenského zákona;16;67;reviewed;individuálně upravené možnosti;
F7;Živnostenské právo;Odpovědný zástupce;musí splňovat všeobecné i zvláštní podmínky provozování živnosti podle § 6 a 7 živnostenského zákona;musí splňovat všeobecné i zvláštní podmínky provozování živnosti podle § 7 a 7 živnostenského zákona;musí splňovat všeobecné i zvláštní podmínky provozování živnosti podle § 8 a 7 živnostenského zákona;musí splňovat všeobecné i zvláštní podmínky provozování živnosti podle § 5 a 7 živnostenského zákona;§ 11 odst. 2 živnostenského zákona;16;67;reviewed;individuálně zkontrolované možnosti;
F8;Živnostenské právo;Odpovědného zástupce je povinen ustanovit;podnikatel, který je fyzickou osobou a nesplňuje zvláštní podmínky provozování živnosti (§ 7);podnikatel, který je fyzickou osobou a nesplňuje zvláštní podmínky provozování živnosti (§ 8);podnikatel, který je fyzickou osobou a nesplňuje zvláštní podmínky provozování živnosti (§ 9);podnikatel, který je fyzickou osobou a nesplňuje zvláštní podmínky provozování živnosti (§ 6);§ 11 odst. 4 písm. a) živnostenského zákona;16;67;reviewed;individuálně zkontrolované možnosti;
F9;Živnostenské právo;Česká právnická osoba je povinna ustanovit odpovědného zástupce;pro živnosti vyžadující splnění zvláštních podmínek provozování živnosti podle § 7 živnostenského zákona;pro živnosti vyžadující splnění zvláštních podmínek provozování živnosti podle § 8 živnostenského zákona;pro živnosti vyžadující splnění zvláštních podmínek provozování živnosti podle § 9 živnostenského zákona;pro živnosti vyžadující splnění zvláštních podmínek provozování živnosti podle § 6 živnostenského zákona;§ 11 odst. 4 písm. b) živnostenského zákona;16;67;reviewed;individuálně zkontrolované možnosti;
F10;Živnostenské právo;Do funkce odpovědného zástupce ustanoví česká právnická osoba;osobu, která je členem jejího statutárního orgánu a která splňuje podmínky pro výkon funkce odpovědného zástupce podle živnostenského zákona;libovolnou osobu bez splnění podmínek odpovědného zástupce;pouze zaměstnance živnostenského úřadu;povinně jen účetní firmy bez ohledu na její odbornou způsobilost;§ 11 odst. 4 písm. b) živnostenského zákona;17;68;reviewed;individuálně upravené možnosti;
F11;Živnostenské právo;Vztah mezi podnikatelem a odpovědným zástupcem je;smluvní;výhradně příbuzenský;jen úřední, bez právního vztahu mezi oběma osobami;pouze zaměstnanecký vznikající automaticky bez smluvního ujednání;§ 11 odst. 1 živnostenského zákona;17;68;reviewed;individuálně upravené možnosti;
F12;Živnostenské právo;Odpovědný zástupce může být ustanoven do funkce;nejvíce pro čtyři podnikatele;nejvýše pro jednoho podnikatele;bez omezení počtu podnikatelů;nejvýše pro deset podnikatelů;§ 11 odst. 1 živnostenského zákona;17;68;reviewed;individuálně upravené možnosti;
F13;Živnostenské právo;Provozovnou se pro účely živnostenského zákona rozumí;"prostor, v němž je živnost provozována; za provozovnu se považuje i automat nebo obdobné zařízení sloužící k prodeji zboží nebo poskytování služeb a mobilní provozovna";"pouze pevná místnost vlastněná podnikatelem; mobilní provozovna se nezapočítává";výhradně adresa trvalého pobytu podnikatele bez ohledu na výkon živnosti;jen sídlo právnické osoby uvedené v obchodním rejstříku;§ 17 odst. 1 živnostenského zákona;17;68;reviewed;individuálně upravené možnosti;
F14;Živnostenské právo;Provozovna musí být trvale a zvenčí viditelně označena;obchodní firmou nebo názvem nebo jménem a příjmením podnikatele a jeho identifikačním číslem osoby;pouze telefonním číslem bez identifikace podnikatele;jen názvem provozovny bez jména a identifikačního čísla podnikatele;výhradně jménem odpovědného zástupce bez údaje o podnikateli;§ 17 odst. 7 živnostenského zákona;17;68;reviewed;individuálně upravené možnosti;
F15;Živnostenské právo;Odborná způsobilost pro vázané živnosti;"je stanovena přílohou č. 2 k živnostenskému zákonu nebo je upravena zvláštními právními předpisy uvedenými v této příloze; občan České republiky nebo jiného členského státu Evropské unie může prokázat odbornou způsobilost dokladem o uznání odborné kvalifikace vydaným uznávacím orgánem podle zákona o uznávání odborné kvalifikace";"je stanovena přílohou č. 3 k živnostenskému zákonu nebo je upravena zvláštními právními předpisy uvedenými v této příloze; občan České republiky nebo jiného členského státu Evropské unie může prokázat odbornou způsobilost dokladem o uznání odborné kvalifikace vydaným uznávacím orgánem podle zákona o uznávání odborné kvalifikace";"je stanovena přílohou č. 4 k živnostenskému zákonu nebo je upravena zvláštními právními předpisy uvedenými v této příloze; občan České republiky nebo jiného členského státu Evropské unie může prokázat odbornou způsobilost dokladem o uznání odborné kvalifikace vydaným uznávacím orgánem podle zákona o uznávání odborné kvalifikace";"je stanovena přílohou č. 1 k živnostenskému zákonu nebo je upravena zvláštními právními předpisy uvedenými v této příloze; občan České republiky nebo jiného členského státu Evropské unie může prokázat odbornou způsobilost dokladem o uznání odborné kvalifikace vydaným uznávacím orgánem podle zákona o uznávání odborné kvalifikace";§ 24 odst. 1 a 2 živnostenského zákona;17;68;reviewed;individuálně zkontrolované možnosti;
F16;Živnostenské právo;Živnost volná je;"živnost opravňující k výkonu činností, pro jejichž provozování živnostenský zákon nevyžaduje prokazování odborné ani jiné způsobilosti; k získání živnostenského oprávnění pro živnost volnou musí být splněny všeobecné podmínky podle § 6 odst. 1 živnostenského zákona";"živnost opravňující k výkonu činností, pro jejichž provozování živnostenský zákon nevyžaduje prokazování odborné ani jiné způsobilosti; k získání živnostenského oprávnění pro živnost volnou musí být splněny všeobecné podmínky podle § 7 odst. 1 živnostenského zákona";"živnost opravňující k výkonu činností, pro jejichž provozování živnostenský zákon nevyžaduje prokazování odborné ani jiné způsobilosti; k získání živnostenského oprávnění pro živnost volnou musí být splněny všeobecné podmínky podle § 8 odst. 1 živnostenského zákona";"živnost opravňující k výkonu činností, pro jejichž provozování živnostenský zákon nevyžaduje prokazování odborné ani jiné způsobilosti; k získání živnostenského oprávnění pro živnost volnou musí být splněny všeobecné podmínky podle § 5 odst. 1 živnostenského zákona";§ 25 odst. 1 živnostenského zákona;17;68;reviewed;individuálně zkontrolované možnosti;
F17;Živnostenské právo;Obsahové náplně jednotlivých živností a oborů činností živnosti volné;jsou stanoveny zvláštním právním předpisem;určuje vždy samostatně každý podnikatel pro svou živnost;nejsou upraveny žádným právním předpisem;stanovuje pouze stavební úřad pro své území;§ 73a živnostenského zákona, nařízení vlády č. 278/2008 Sb.;17;68;reviewed;individuálně upravené možnosti;
F18;Živnostenské právo;V rámci živnosti „Provádění staveb, jejich změn a odstraňování“;mohou být vykonány i činnosti související s realizací staveb, které jsou předmětem živností řemeslných, případně živnosti volné;nesmějí být vykonány žádné související činnosti patřící k řemeslným živnostem;lze provádět jen projektovou dokumentaci bez stavebních prací;mohou být vykonávány libovolné činnosti mimo obor bez vztahu k realizaci stavby;nařízení vlády č. 278/2008 Sb.;17;68;reviewed;individuálně upravené možnosti;
F19;Živnostenské právo;Vedení realizace staveb a jejich změn je;obsahem živnosti „Provádění staveb, jejich změn a odstraňování“;obsahem výhradně živnosti „Projektová činnost ve výstavbě“;vyhrazeno pouze stavebnímu úřadu jako správní činnost;obsahem jen živnosti volné bez ohledu na druh stavby;nařízení vlády č. 278/2008 Sb.;17;68;reviewed;individuálně upravené možnosti;
F20;Živnostenské právo;Výkon technického dozoru je;obsahem oboru činnosti „Služby v oblasti administrativní správy a služby organizačně hospodářské povahy“ živnosti volné;vždy jen obsahem vázané živnosti „Projektová činnost ve výstavbě“;výhradně obsahem řemeslné živnosti „Zednictví“;činností, kterou smějí vykonávat jen stavební úřady;nařízení vlády č. 278/2008 Sb.;17;68;reviewed;individuálně upravené možnosti;
G1;Životní prostředí;Povrchové vody jsou;vody přirozeně se vyskytující na zemském povrchu;vody přirozeně se vyskytující pod zemským povrchem;vody přirozeně se vyskytující v horninovém prostředí;vody přirozeně se vyskytující pod zemským povrchem v pásmu nasycení v přímém styku s horninami;§ 2 odst. 1 vodního zákona;17;68;reviewed;individuálně zkontrolované možnosti;
G2;Životní prostředí;Podzemní vody jsou;vody přirozeně se vyskytující pod zemským povrchem v pásmu nasycení v přímém styku s horninami;vody přirozeně se vyskytující na zemském povrchu v pásmu nasycení v přímém styku s horninami;vody přirozeně se vyskytující v korytě vodního toku v pásmu nasycení v přímém styku s horninami;vody přirozeně se vyskytující na zemském povrchu;§ 2 odst. 2 vodního zákona;17;68;reviewed;individuálně zkontrolované možnosti;
G3;Životní prostředí;Plán rozvoje vodovodů a kanalizací zpracovává a schvaluje;kraj v samostatné působnosti;každá jednotlivá obec samostatně pouze pro své území;pouze Ministerstvo pro místní rozvoj v přenesené působnosti;výhradně provozovatel největšího vodovodu v kraji;§ 6 zákona o vodovodech a kanalizacích;17;68;reviewed;individuálně upravené možnosti;
G4;Životní prostředí;Kdo je oprávněn nakládat s povrchovými nebo podzemními vodami?;ten, kdo k tomu získal povolení vodoprávního úřadu, a bez povolení každý, jde‑li o obecné nakládání s povrchovými vodami;každý bez omezení, včetně odběru podzemních vod bez povolení;jen ten, kdo vlastní pozemek bez ohledu na povolení k nakládání s vodami;výhradně osoba s povolením i při obecném nakládání s povrchovými vodami;§ 8 vodního zákona;18;69;reviewed;individuálně upravené možnosti;
G5;Životní prostředí;Vodní toky jsou;povrchové vody tekoucí v korytě vlastním spádem trvale nebo po převažující část roku, včetně vod v nich uměle vzdutých;podzemní vody tekoucí trvale v korytě vlastním spádem;povrchové vody zadržované výhradně v umělé nádrži;pouze povrchové vody tekoucí v korytě po celý kalendářní rok;§ 43 vodního zákona;18;69;reviewed;individuálně zkontrolované možnosti;
G6;Životní prostředí;Ochranná pásma vodních zdrojů využívaných nebo využitelných pro zásobování pitnou vodou stanoví vodoprávní úřady;na návrh nebo z vlastního podnětu opatřením obecné povahy;automaticky každý vlastník vodního zdroje bez opatření obecné povahy;výhradně provozovatel vodovodu soukromou smlouvou;jen stavební úřad kolaudačním rozhodnutím;§ 30 vodního zákona;18;69;reviewed;individuálně upravené možnosti;
G7;Životní prostředí;Vodními díly jsou také;stavby sloužící k nakládání s vodami i v případě, že se v nich momentálně žádná voda nenachází;pouze stavby, ve kterých se voda nachází nepřetržitě;výhradně přírodní vodní tok bez jakékoli stavby;jen potrubí sloužící k dodávce pitné vody domácnostem;§ 55 vodního zákona;18;69;reviewed;individuálně upravené možnosti;
G8;Životní prostředí;Vodovodem pro veřejnou potřebu je také;vodovod, který má denní produkci vody vyšší než 10 m³ dodávané vody;vodovod s denní produkcí přesně 10 m³, který už jen z tohoto důvodu splňuje uvedené kritérium;vodovod s denní produkcí 5 m³, který splňuje uvedené kritérium bez dalších podmínek;vodovod s libovolnou denní produkcí, aniž by bylo třeba splnit jakýkoli další znak;§ 1 zákona o vodovodech a kanalizacích;18;69;reviewed;individuálně upravené možnosti;
G9;Životní prostředí;Odpadem, na nějž se vztahuje zákon č. 541/2020 Sb., o odpadech, je;každá movitá věc, které se osoba zbavuje nebo je povinna se zbavit;každá nemovitá věc, která není právě využívána;výhradně nebezpečné látky v kapalném skupenství;jen movitá věc bez vlastníka, nikoli věc, které se vlastník zbavuje;§ 4 odst. 1 zákona o odpadech;18;69;reviewed;individuálně upravené možnosti;
G10;Životní prostředí;Původcem odpadu je také;obec od okamžiku, kdy osoba odloží odpad na místo k tomu určené;obec vždy už v okamžiku prodeje zboží budoucímu původci odpadu;pouze vlastník budovy, v níž odpad původně vznikl;automaticky každý dopravce odpadu ještě před jeho převzetím;§ 5 odst. 1 písm. c) zákona č. 541/2020 Sb.;18;69;reviewed;individuálně upravené možnosti;
G11;Životní prostředí;Pro účely zákona č. 541/2020 Sb., o odpadech, se skládkou rozumí;zařízení pro odstranění odpadů pomocí řízeného povrchového nebo podpovrchového ukládání;jakékoli nahodilé odložení odpadu bez zařízení pro řízené ukládání;pouze zařízení na materiálové využití odpadu bez jeho ukládání;výhradně zařízení pro spalování odpadu bez jeho ukládání;§ 11 odst. 2 písm. g) zákona č. 541/2020 Sb.;18;69;reviewed;individuálně upravené možnosti;
G12;Životní prostředí;Kdo rozhoduje v pochybnostech o tom, zda je určitá věc odpadem?;krajský úřad;výhradně původce odpadu bez rozhodnutí správního orgánu;obecní úřad namísto krajského úřadu;pouze provozovatel skládky;§ 4 odst. 4 zákona č. 541/2020 Sb.;18;69;reviewed;individuálně upravené možnosti;
G13;Životní prostředí;Co je to katalog odpadu?;seznam druhů odpadu stanovený vyhláškou;soukromý seznam odpadů vedený každým podnikatelem bez vyhlášky;jen seznam skládek v jednotlivých krajích;pouze evidence množství odpadu vyprodukovaného v obci;§ 6 odst. 2 zákona č. 541/2020 Sb.;18;69;reviewed;individuálně upravené možnosti;
G14;Životní prostředí;Co je to plán odpadového hospodářství?;koncepční materiál státu a krajů za účelem vytváření podmínek pro předcházení vzniku odpadů a nakládání s nimi;jen seznam všech provozovatelů skládek bez cílů nakládání s odpady;výhradně roční účetní bilance nákladů na svoz odpadu;plán jednotlivé domácnosti bez vztahu ke státu a krajům;§ 97 odst. 2 zákona č. 541/2020 Sb.;18;69;reviewed;individuálně upravené možnosti;
G15;Životní prostředí;Kalem podle zákona č. 541/2020 Sb., o odpadech, je také;kal ze septiků sloužících čištění odpadních vod z domácností;vždy jen suchý prach vzniklý při spalování uhlí;výhradně neznečištěný štěrk ze staveniště;pouze srážková voda z okapů bez odpadních vod;§ 67 odst. 1 písm. a) zákona č. 541/2020 Sb.;18;69;reviewed;individuálně upravené možnosti;
G16;Životní prostředí;Co je podle zákona č. 541/2020 Sb., o odpadech, komunitní kompostování?;soustřeďování rostlinných zbytků z údržby zeleně, zahrad a domácností v obci a jejich zpracování na kompost;ukládání veškerého komunálního odpadu na skládku;pouze spalování rostlinných zbytků přímo na veřejném prostranství;zpracování výhradně stavební suti místo rostlinných zbytků;§ 65 odst. 1 zákona č. 541/2020 Sb.;18;69;reviewed;individuálně upravené možnosti;
G17;Životní prostředí;Malým zařízením pro úpravu a využití biologicky rozložitelného odpadu je;zařízení, kde se pro jednu zakládku nepoužije více než 20 t, celkově ročně více než 150 t;zařízení, kde se na jednu zakládku použije 25 t odpadu, celkově nejvýše 150 t ročně;zařízení, kde se na jednu zakládku použije nejvýše 20 t odpadu, celkově však 180 t ročně;zařízení, kde se na jednu zakládku použije 25 t odpadu a celkově 180 t ročně;§ 11 odst. 2 písm. e) zákona č. 541/2020 Sb.;18;69;reviewed;individuálně upravené možnosti;Zápor „nepoužije“ se vztahuje k oběma množstvím: nejvýše 20 t na jednu zakládku a nejvýše 150 t celkově za rok. Stejné znění je i v tištěné verzi.
G18;Životní prostředí;Povinností obcí ke komunálnímu odpadu je;převzít veškerý komunální odpad vznikající na jejím území při činnosti nepodnikajících fyzických osob;odmítnout veškerý odpad nepodnikajících obyvatel obce;převzít jen průmyslový odpad vznikající mimo území obce;převzít pouze vybrané druhy komunálního odpadu a zbytek bez náhrady odmítnout;§ 59 odst. 1 zákona č. 541/2020 Sb.;18;69;reviewed;individuálně upravené možnosti;
G19;Životní prostředí;Předmětem posuzování vlivů na životní prostředí jsou;některé zákonem vymezené záměry staveb, činností a technologií a koncepce zadané nebo schvalované orgány veřejné správy;bez výjimky všechny záměry a činnosti každé domácnosti;pouze stavby bez ohledu na technologie a veřejné koncepce;výhradně výše správního poplatku při povolení stavby;§ 3 písm. a) a b) zákona o posuzovaní vlivů na životní prostředí;18;69;reviewed;individuálně upravené možnosti;
G20;Životní prostředí;Kdo zpracovává posudek k záměru z hlediska jeho vlivu na životní prostředí?;na základě smlouvy uzavřené s příslušným orgánem ochrany životního prostředí osoba k tomu oprávněná;automaticky každý stavebník bez příslušného oprávnění;výhradně projektant posuzované stavby bez smlouvy s orgánem ochrany;kdokoli určený investorem bez ohledu na potřebné oprávnění;§ 9 zákona o posuzování vlivů na životní prostředí;19;70;reviewed;individuálně upravené možnosti;
G21;Životní prostředí;Závazné stanovisko orgánu ochrany životního prostředí k posouzení vlivu záměru na životní prostředí, představuje pro navazující řízení;závazný podklad pro vydání rozhodnutí podle zvláštních právních předpisů;nezávazné doporučení, které navazující orgán může zcela ignorovat;samo o sobě již konečné kolaudační rozhodnutí;jen soukromý posudek bez významu pro navazující řízení;§ 9a zákona o posuzování vlivů na životní prostředí;19;70;reviewed;individuálně upravené možnosti;
G22;Životní prostředí;Které správní úřady jsou příslušné k posuzování vlivů na životní prostředí?;Ministerstvo životního prostředí a krajské úřady, které při posuzování stavebních záměrů z hlediska vlivu na životní prostředí postupují v součinnosti s příslušným stavebním úřadem;pouze obecní stavební úřady bez účasti orgánů životního prostředí;výhradně Česká inspekce životního prostředí jako jediný orgán pro všechny záměry;jen soukromý zpracovatel posudku bez správního úřadu;§ 21 a § 22 zákona o posuzování vlivů na životní prostředí;19;70;reviewed;individuálně upravené možnosti;
G23;Životní prostředí;Cílem ochrany přírody a krajiny je zejména;udržení a obnova přírodní rovnováhy v krajině, ochrana rozmanitostí forem života, přírodních hodnot a krás a šetrné hospodaření s přírodními zdroji;pouze zvyšování výnosů z využívání přírodních zdrojů;výhradně výstavba komunikací v chráněných územích;nahrazení přírodní rovnováhy intenzivním hospodařením bez ochrany forem života;§ 1 zákona o ochraně přírody a krajiny;19;70;reviewed;individuálně upravené možnosti;
G24;Životní prostředí;Významné krajinné prvky;podléhají registraci, kterou provádí orgán ochrany přírody;nikdy nepodléhají ochraně ani registraci orgánem ochrany přírody;registruje je výhradně katastrální úřad jako nové parcely;jde vždy pouze o území národních parků;§ 6 zákona o ochraně přírody a krajiny;19;70;reviewed;individuálně upravené možnosti;
G25;Životní prostředí;Národní parky se člení podle režimu ochrany;na čtyři zóny;na dvě zóny;na tři zóny;na pět zón;§ 18 zákona o ochraně přírody a krajiny;19;70;reviewed;individuálně upravené možnosti;
G26;Životní prostředí;Jako chráněné krajinné oblasti se vyhlašují zejména;rozsáhlá území s harmonicky utvářenou krajinou;výhradně jednotlivé městské parcely bez krajinných hodnot;pouze malé technické areály určené k průmyslové výrobě;jakékoli území bez ohledu na charakter krajiny;§ 25 zákona o ochraně přírody a krajiny;19;70;reviewed;individuálně upravené možnosti;
G27;Životní prostředí;Ptačí oblasti jsou;území stanovená nařízením vlády jako nejvhodnější pro ochranu z hlediska výskytu, stavu a početnosti populací některých ptáků;území stanovená pouze stavebním úřadem pro ochranu vodních zdrojů;výhradně rezervace pro chov domácí drůbeže;jakákoli území s jediným pozorováním běžného ptáka bez nařízení vlády;§ 45e zákona o ochraně přírody a krajiny;19;70;reviewed;individuálně upravené možnosti;
G28;Životní prostředí;Zdrojem emisí znečišťujících látek do ovzduší jsou;stacionární zdroje včetně spalovacích stacionárních zdrojů a mobilní zdroje;výhradně mobilní zdroje, stacionární zdroje se nikdy nezapočítávají;"pouze spalovací zdroje; ostatní stacionární ani mobilní nikoli";jen venkovní přenos prachu bez jakéhokoli zdroje emisí;§ 2 písm. b), f) a g) zákona o ochraně ovzduší;19;70;reviewed;individuálně upravené možnosti;
G29;Životní prostředí;Přípustná míra znečištění ovzduší je určena;emisními limity, emisními stropy, technickými podmínkami provozu a přípustnou tmavostí kouře;výhradně barvou kouře bez emisních limitů a stropů;pouze množstvím paliva bez technických podmínek provozu;jen ústním souhlasem provozovatele zdroje;§ 4 odst. 1 zákona o ochraně ovzduší;19;70;reviewed;individuálně upravené možnosti;
G30;Životní prostředí;Emisní limity musí být dodrženy;na každém komínovém průduchu nebo výdechu do ovzduší;jen na hlavním komíně bez ohledu na další výdechy;pouze jako průměr všech výdechů bez kontroly jednotlivých průduchů;jen mimo provoz zdroje znečištění;§ 4 odst. 2 zákona o ochraně ovzduší;19;70;reviewed;individuálně upravené možnosti;
G31;Životní prostředí;Úroveň znečišťování ovzduší se zjišťuje;jednorázovým nebo kontinuálním měřením emisí;výhradně odhadem bez jakéhokoli měření emisí;jen výpočtem spotřeby elektrické energie bez měření;pouze jednorázovou vizuální kontrolou barvy komína;§ 6 odst. 4 zákona o ochraně ovzduší;19;70;reviewed;individuálně upravené možnosti;
G32;Životní prostředí;Co je stacionární zdroj podle zákona o ovzduší?;zdroje znečištění ovzduší uvedené v příloze zákona o ovzduší a další;výhradně pohybující se vozidlo bez stacionárního zařízení;každá budova bez ohledu na to, zda znečišťuje ovzduší;pouze zdroj emisí umístěný na palubě letadla;§ 4a zákona o ochraně ovzduší;19;70;reviewed;individuálně upravené možnosti;
G33;Životní prostředí;Závazné stanovisko k umístění stacionárních zdrojů vyjmenovaných v příloze 2 zákona č. 201/2012 Sb., o ochraně ovzduší, k jejich stavbě a změnám a povolení jejich provozu vydává;příslušný krajský úřad;příslušný obecní úřad;příslušný stavební úřad;kraj v samostatné působnosti;§ 11 odst. 2, § 32 odst. 1 zákona o ochraně ovzduší;19;70;reviewed;individuálně zkontrolované možnosti;
G34;Životní prostředí;Pro které stacionární zdroje znečišťování ovzduší je stanovena minimální vzdálenost?;některé skládky, kompostárny, čistírny odpadních vod a další;bez výjimky pro každý jednotlivý mobilní zdroj emisí;výhradně pro jednotlivé osobní automobily v provozu;pouze pro zdroje, které nevypouštějí žádné znečišťující látky;Příloha č. 2a zákona o ochraně ovzduší;20;71;reviewed;individuálně upravené možnosti;
G35;Životní prostředí;Kdo je provozovatel zařízení k nakládání s fluorovanými skleníkovými plyny?;osoba, která skutečně zajišťuje provoz zařízení obsahující fluorované skleníkové plyny, pokud není známa, vlastník tohoto zařízení;osoba, která skutečně zajišťuje provoz zařízení obsahující fluorované skleníkové plyny, pokud není známa, stavebník tohoto zařízení;osoba, která skutečně zajišťuje provoz zařízení obsahující fluorované skleníkové plyny, pokud není známa, nájemce tohoto zařízení;osoba, která skutečně zajišťuje provoz zařízení obsahující fluorované skleníkové plyny, pokud je známa, vlastník tohoto zařízení;§ 2 písm. a) zákona č. 73/2012 Sb.;20;71;reviewed;individuálně zkontrolované možnosti;
G36;Životní prostředí;Povolenky k vypouštění emisí skleníkových plynů do ovzduší jsou;majetkové hodnoty odpovídající právu provozovatele zařízení nebo provozovatele letadla vypustit do ovzduší ekvivalent tuny kysličníku uhličitého;jen evidenční listy bez práva vypustit jakékoli emise;oprávnění vypouštět neomezené množství všech znečišťujících látek;pouze technické průkazy letadel bez vztahu k emisím;§ 2 písm. o) zákona č. 383/2012 Sb.;20;71;reviewed;individuálně upravené možnosti;
G37;Životní prostředí;Integrované povolení;je povolení obsahující podmínky provozu vybraného zařízení a s ním přímo spojených činností, které nahrazuje povolení vydávaná podle speciálních právních předpisů;povolení, které nezahrnuje žádné podmínky provozu zařízení;jen soukromou smlouvu provozovatele bez správního rozhodnutí;pouze potvrzení o zaplacení správního poplatku bez náhrady dalších povolení;§ 2 písm. g) zákona č. 76/2002 Sb.;20;71;reviewed;individuálně upravené možnosti;
G38;Životní prostředí;Které činnosti podléhají integrovanému povolení?;činnosti a jejich rozsah vyjmenován v Příloze č. 1 zákona č. 76/2002 Sb.;činnosti a jejich rozsah vyjmenován v Příloze č. 2 zákona č. 76/2002 Sb.;činnosti a jejich rozsah vyjmenován v Příloze č. 3 zákona č. 76/2002 Sb.;činnosti a jejich rozsah vyjmenován v Příloze č. 4 zákona č. 76/2002 Sb.;Příloha č. 1 zákona č. 76/2002 Sb.;20;71;reviewed;individuálně zkontrolované možnosti;
G39;Životní prostředí;Integrovaný registr znečišťování životního prostředí je;veřejně přístupný informační systém veřejné správy o únicích a přenosech znečišťujících látek, jehož správcem je Ministerstvo životního prostředí;neveřejná soukromá evidence jen jednoho podniku;pouze rejstřík stavebních povolení bez údajů o znečišťujících látkách;seznam národních parků spravovaný katastrálním úřadem;§ 2 zákona č. 25/2008 Sb.;20;71;reviewed;individuálně upravené možnosti;
G40;Životní prostředí;Za jakých podmínek lze provozovat zařízení obsahující minimálně 300 kg regulovaných látek?;za podmínky instalace systému detekce úniku těchto látek a kontroly systému nejméně 1x ročně;bez systému detekce úniku a bez jeho kontroly;se systémem detekce úniku kontrolovaným nejvýše jednou za pět let;pouze s ruční kontrolou bez instalace systému detekce úniku;§ 4 odst. 1 zákona č. 73/2012 Sb., o látkách, které poškozují ozonovou vrstvu a fluorovaných skleníkových plynech;20;71;reviewed;individuálně upravené možnosti;
H1;Technické normy a výrobky;Platné české technické normy;musí být v souladu s právními předpisy;nesmějí být v souladu s právními předpisy;mohou být vydány v přímém rozporu s právními předpisy;mají vždy přednost před právními předpisy, i když jim odporují;§ 6 písm. b) zákona č. 22/1997 Sb.;20;71;reviewed;individuálně upravené možnosti;
H2;Technické normy a výrobky;Česká technická norma;je dokument schválený Úřadem pro technickou normalizaci, metrologii a státní zkušebnictví (ÚNMZ), označený ČSN a oznámený ve Věstníku ÚNMZ;jakýkoli soukromý návod výrobce bez označení ČSN;dokument označený ČSN, který schválí stavebník bez oznámení ve Věstníku ÚNMZ;výhradně nezveřejněná interní směrnice stavebního úřadu;§ 4 odst. 1 zákona č. 22/1997 Sb.;20;71;reviewed;individuálně upravené možnosti;
H3;Technické normy a výrobky;Česká technická norma;není obecně závazná;je bez výjimky obecně závazným právním předpisem;má vždy stejnou právní sílu jako zákon;je obecně závazná automaticky už samotným označením ČSN;§ 4 odst. 1 zákona č. 22/1997 Sb.;20;71;reviewed;individuálně upravené možnosti;
H4;Technické normy a výrobky;Určená česká technická norma je norma;oznámená ve Věstníku Úřadu pro technickou normalizaci, metrologii a státní zkušebnictví (ÚNMZ) k příslušnému nařízení vlády;kterou bez dalšího označí za určenou každý jednotlivý výrobce;která nebyla nikdy oznámena ve Věstníku ÚNMZ;určená výhradně soukromou smlouvou mezi dvěma dodavateli;§ 4a odst. 1 a 2 zákona č. 22/1997 Sb.;20;71;reviewed;individuálně upravené možnosti;
H5;Technické normy a výrobky;Harmonizovaná česká technická norma je norma,;která plně přejímá požadavky harmonizované evropské normy;která nepřejímá žádné požadavky evropských harmonizovaných norem;která obsahuje pouze vlastní požadavky jednoho českého výrobce;kterou si výrobce sám označí za harmonizovanou bez souvislosti s evropskou normou;§ 4a odst. 1 zákona č. 22/1997 Sb.;20;71;reviewed;individuálně upravené možnosti;
H6;Technické normy a výrobky;Soustavu českých technických norem tvoří;původní české technické normy, evropské či mezinárodní normy přejaté překladem nebo přejaté v původním jazyce nebo přejaté schválením k přímému používání;pouze původní české normy bez převzatých evropských a mezinárodních norem;výhradně návody jednotlivých výrobců bez schválených technických norem;"jen překlady mezinárodních norem; původní české normy do soustavy nepatří";§ 4 odst. 2 zákona č. 22/1997 Sb.;20;71;reviewed;individuálně upravené možnosti;
H7;Technické normy a výrobky;Sponzorovaný přístup k českým technickým normám (ČSN) a jiným technickým dokumentům;je bezplatný přístup k ČSN nebo jiným technickým dokumentům, které jsou závazné pro účely uvedené ve zvláštním právním předpisu;povinně placený přístup k uvedeným závazným technickým dokumentům;jen bezplatný náhled obálky ČSN, nikoli přístup k jejímu obsahu;přístup k dokumentům, které nejsou pro účely zvláštního předpisu závazné;§ 6c odst. 1 zákona č. 22/1997 Sb.;20;71;reviewed;individuálně upravené možnosti;
H8;Technické normy a výrobky;Tvorbu, vydávání a distribuci českých technických norem, jejich změny a zrušení zaručuje;stát;výhradně každý výrobce stavebního výrobku za sebe;pouze jednotliví projektanti při zpracování dokumentace;stavebník prostřednictvím stavebního deníku;§ 5 odst. 1 zákona č. 22/1997 Sb.;21;72;reviewed;individuálně upravené možnosti;
H9;Technické normy a výrobky;Národním normalizačním orgánem, který zabezpečuje tvorbu, vydávání a distribuci českých technických norem, jejich změny a zrušení je;Úřad pro technickou normalizaci, metrologii a státní zkušebnictví;každý jednotlivý stavební úřad;Česká obchodní inspekce;jen soukromý výrobce technických zařízení bez národního normalizačního orgánu;§ 5 odst. 1 zákona č. 22/1997 Sb.;21;72;reviewed;individuálně upravené možnosti;
H10;Technické normy a výrobky;Česká agentura pro standardizaci je;příspěvková organizace podřízená Úřadu pro technickou normalizaci, metrologii a státní zkušebnictví, která zajišťuje tvorbu, vydávání a distribuci českých technických norem;soukromý výrobce norem bez vztahu k ÚNMZ;orgán státního požárního dozoru vykonávající kolaudaci;příspěvková organizace podřízená katastrálnímu úřadu;§ 5 odst. 2 zákona č. 22/1997 Sb.;21;72;reviewed;individuálně upravené možnosti;
H11;Technické normy a výrobky;Výrobky pro stavby, které mají rozhodující význam pro výslednou kvalitu stavby a představují zvýšenou míru ohrožení oprávněných zájmů, jsou stanoveny a posuzovány podle jiných právních předpisů:;zákona č. 22/1997 Sb., o technických požadavcích na výrobky, nařízení vlády č. 163/2002 Sb., kterým se stanoví technické požadavky na vybrané stavební výrobky, nařízení EP a Rady (EU) č. 305/2011, kterým se stanoví harmonizované podmínky pro uvádění stavebních výrobků na trh a kterým se zrušuje směrnice Rady 89/106/EHS;výhradně soukromých katalogů jednotlivých výrobců;pouze stavebního zákona, bez předpisů o požadavcích na výrobky;jen stavebního povolení bez posuzování podle právních předpisů;§ 153 stavebního zákona;21;72;reviewed;individuálně upravené možnosti;
H12;Technické normy a výrobky;Stanovený výrobek podle zákona o technických požadavcích na výrobky je výrobek, který;představuje zvýšenou míru ohrožení oprávněného zájmu, je stanoven příslušným nařízením vlády a musí být u něj posouzena shoda;výrobek uvedený výrobcem na trh bez posouzení shody a bez nařízení vlády;každý výrobek na stavbě bez ohledu na míru ohrožení a stanovení předpisem;výrobek, u něhož je posouzení shody výslovně zakázáno;§ 12 odst. 1 písm. a) zákona č. 22/1997 Sb.;21;72;reviewed;individuálně upravené možnosti;
H13;Technické normy a výrobky;Seznam stanovených stavebních výrobků s vyznačením postupů posuzování shody obsahuje;příloha č. 2 nařízení vlády č. 163/2002 Sb., kterým se stanoví technické požadavky na vybrané stavební výrobky;příloha č. 3 nařízení vlády č. 163/2002 Sb., kterým se stanoví technické požadavky na vybrané stavební výrobky;příloha č. 4 nařízení vlády č. 163/2002 Sb., kterým se stanoví technické požadavky na vybrané stavební výrobky;příloha č. 1 nařízení vlády č. 163/2002 Sb., kterým se stanoví technické požadavky na vybrané stavební výrobky;příloha č. 2 nařízení vlády č. 163/2002 Sb.;21;72;reviewed;individuálně zkontrolované možnosti;
H14;Technické normy a výrobky;Stanovený stavební výrobek;je určený pro trvalé zabudování do stavby, vyjmutím nebo výměnou výrobku se trvale mění vlastnosti stavby, přičemž vyjmutí nebo výměna výrobku je stavební i montážní činností;vždy pouze volně položený výrobek bez trvalého zabudování do stavby;výrobek, jehož vyjmutí nemůže nijak změnit vlastnosti stavby;jakýkoli přenosný předmět na staveništi bez vztahu ke stavbě;§ 1 odst. 1 písm. a), c) nařízení vlády č. 163/2002 Sb.;21;72;reviewed;individuálně upravené možnosti;
H15;Technické normy a výrobky;Postupy posuzování shody pro vybrané stavební výrobky se rozumí;certifikace, posouzení systému řízení výroby, ověření shody, posouzení shody výrobcem;pouze estetické hodnocení obalu výrobku;výhradně stavební povolení vydané úřadem bez posuzování shody;jen ústní prohlášení výrobce bez stanovených postupů;§ 5 až 8 nařízení vlády č. 163/2002 Sb.;21;72;reviewed;individuálně upravené možnosti;
H16;Technické normy a výrobky;Autorizací podle zákona č. 22/1997 Sb., o technických požadavcích na výrobky, se rozumí;pověření právnické osoby k činnostem při posuzování shody výrobků, včetně posuzování činností souvisejících s jejich výrobou, popř. s jejich opakovaným použitím (autorizovaná osoba);pověření fyzické osoby k činnostem při posuzování shody výrobků, včetně posuzování činností souvisejících s jejich výrobou, popř. s jejich opakovaným použitím (autorizovaná osoba);pověření obce k činnostem při posuzování shody výrobků, včetně posuzování činností souvisejících s jejich výrobou, popř. s jejich opakovaným použitím (autorizovaná osoba);výhradně pověření právnické osoby k činnostem při posuzování shody výrobků, včetně posuzování činností souvisejících s jejich výrobou;§ 11 odst. 1 zákona č. 22/1997 Sb.;21;72;reviewed;individuálně zkontrolované možnosti;
H17;Technické normy a výrobky;Certifikace podle zákona o technických požadavcích na výrobky je;činnost autorizované nebo akreditované osoby, při níž se vydáním certifikátu osvědčí, že příslušný výrobek nebo činnosti související s jeho výrobou, popř. s jeho opakovaným použitím, jsou v souladu s technickými požadavky v tomto certifikátu uvedenými;vydání certifikátu, který potvrzuje nesoulad výrobku s technickými požadavky;pouhé vlastní tvrzení výrobce bez autorizované či akreditované osoby;výhradně kontrola ceny výrobku bez posouzení technických požadavků;§ 10 odst. 1 zákona č. 22/1997 Sb.;21;72;reviewed;individuálně upravené možnosti;
H18;Technické normy a výrobky;Autorizovaná osoba podle zákona č. 22/1997 Sb., o technických požadavcích na výrobky,;je právnická osoba, která zajišťuje činnosti v rozsahu vymezeném v rozhodnutí o autorizaci;je fyzická osoba, která zajišťuje činnosti v rozsahu vymezeném v rozhodnutí o autorizaci;je organizační složka státu, která zajišťuje činnosti v rozsahu vymezeném v rozhodnutí o autorizaci;pověření právnické osoby k činnostem při posuzování shody výrobků, včetně posuzování činností souvisejících s jejich výrobou, popř. s jejich opakovaným použitím (autorizovaná osoba);§ 11a odst. 1 zákona č. 22/1997 Sb.;21;72;reviewed;individuálně zkontrolované možnosti;
H19;Technické normy a výrobky;Oznámeným subjektem je;právnická osoba, která získala oprávnění provádět úkoly třetích stran v postupu posuzování a ověřování stálosti vlastností podle nařízení EP a Rady (EU) č. 305/2011, kterým se stanoví harmonizované podmínky pro uvádění stavebních výrobků na trh a kterým se zrušuje směrnice Rady 89/106/EHS a byla oznámena Evropské komisi a ostatním členským státům Evropské unie;fyzická osoba, která získala oprávnění provádět úkoly třetích stran v postupu posuzování a ověřování stálosti vlastností podle nařízení EP a Rady (EU) č. 305/2011, kterým se stanoví harmonizované podmínky pro uvádění stavebních výrobků na trh a kterým se zrušuje směrnice Rady 89/106/EHS a byla oznámena Evropské komisi a ostatním členským státům Evropské unie;organizační složka státu, která získala oprávnění provádět úkoly třetích stran v postupu posuzování a ověřování stálosti vlastností podle nařízení EP a Rady (EU) č. 305/2011, kterým se stanoví harmonizované podmínky pro uvádění stavebních výrobků na trh a kterým se zrušuje směrnice Rady 89/106/EHS a byla oznámena Evropské komisi a ostatním členským státům Evropské unie;výhradně právnická osoba, která získala oprávnění provádět úkoly třetích stran v postupu posuzování a ověřování stálosti vlastností podle nařízení EP a Rady (EU) č. 305/2011;čl. 39 nařízení EP a Rady (EU) č. 305/2011, § 17 zákona č. 90/2016 Sb.;22;73;reviewed;individuálně zkontrolované možnosti;
H20;Technické normy a výrobky;Harmonizovanými technickými specifikacemi jsou;harmonizované normy a evropské dokumenty pro posuzování;výhradně interní technické návody jednotlivých výrobců;pouze národní seznam stavebních úřadů;jen české technické normy, které nikdy nebyly harmonizovány;čl. 2 bod 10. nařízení EP a Rady (EU) č. 305/2011;22;73;reviewed;individuálně upravené možnosti;
H21;Technické normy a výrobky;Pojmem základní charakteristiky stavebního výrobku se rozumí;charakteristiky (např. pevnost v tlaku, mrazuvzdornost, neprůzvučnost, vodotěsnost), které se vztahují k základním požadavkům na stavby;výhradně cena a obchodní název výrobku bez vztahu k požadavkům na stavby;jen údaje o barvě balení výrobku a sídle výrobce;vlastnosti, které nemají žádný vztah k základním požadavkům na stavby;čl. 2 bod 4. nařízení EP a Rady (EU) č. 305/2011;22;73;reviewed;individuálně upravené možnosti;
H22;Technické normy a výrobky;Nařízení EP a Rady (EU) č. 305/2011, kterým se stanoví harmonizované podmínky pro uvádění stavebních výrobků na trh a kterým se zrušuje směrnice Rady 89/106/EHS stanoví;podmínky pro uvádění a dodávání stavebních výrobků na trh Evropské unie a stanoví pravidla pro používání označení CE u těchto výrobků;výhradně pravidla pro obchod s potravinami bez stavebních výrobků;pravidla pro značku CE pouze na již dokončené stavbě, nikoli na výrobcích;zákaz uvádět všechny stavební výrobky na trh Evropské unie;čl. 1 nařízení EP a Rady (EU) č. 305/2011;22;73;reviewed;individuálně upravené možnosti;
H23;Technické normy a výrobky;Pro právní předpis EU, jehož předmětem je stanovení pravidel pro uvádění a dodávání stavebních výrobků s označením CE na trh EU, je zákonem č. 22/1997 Sb., o technických požadavcích na výrobky, zaveden pojem „přímo použitelný předpis pro stavební výrobky“ a jedná se o;nařízení EP a Rady (EU) č. 305/2011, kterým se stanoví harmonizované podmínky pro uvádění stavebních výrobků na trh a kterým se zrušuje směrnice Rady 89/106/EHS;výhradně občanský zákoník č. 89/2012 Sb.;pouze nařízení vlády č. 163/2002 Sb. namísto uvedeného předpisu EU;jen soukromá dohoda výrobců o označování výrobků;§ 1 odst. 3 zákona č. 22/1997 Sb.;22;73;reviewed;individuálně upravené možnosti;
H24;Technické normy a výrobky;Prohlášení o vlastnostech;uvádí vlastnosti stavebních výrobků ve vztahu k základním charakteristikám dotčených výrobků v souladu s příslušnými harmonizovanými technickými specifikacemi a opravňuje jejich označení CE;jen cenu výrobku bez základních charakteristik a vztahu k označení CE;výhradně datum prodeje, nikoli vlastnosti stavebního výrobku;pouhé reklamní údaje výrobce bez vztahu k harmonizovaným specifikacím;čl. 6 bod 1. a čl. 8 bod 2. nařízení EP a Rady (EU) č. 305/2011;22;73;reviewed;individuálně upravené možnosti;
H25;Technické normy a výrobky;Nařízení vlády č. 163/2002 Sb., kterým se stanoví technické požadavky na vybrané stavební výrobky, se vztahuje na výrobky,;pro které neexistují harmonizované technické specifikace a jsou stanoveny v příloze č. 2 tohoto nařízení vlády;pro které neexistují harmonizované technické specifikace a jsou stanoveny v příloze č. 3 tohoto nařízení vlády;pro které neexistují harmonizované technické specifikace a jsou stanoveny v příloze č. 4 tohoto nařízení vlády;pro které neexistují harmonizované technické specifikace a jsou stanoveny v příloze č. 1 tohoto nařízení vlády;§ 1 odst. 3 nařízení vlády č. 163/2002 Sb.;22;73;reviewed;individuálně zkontrolované možnosti;
H26;Technické normy a výrobky;Prohlášení o shodě vypracovává výrobce nebo dovozce v rozsahu náležitostí;stanovených v nařízení vlády č. 163/2002 Sb., kterým se stanoví technické požadavky na vybrané stavební výrobky;výhradně podle interního ceníku výrobce bez právního předpisu;pouze v rozsahu stanoveném stavebním deníkem;bez jakýchkoli povinných náležitostí podle nařízení vlády;§ 13 odst. 1 nařízení vlády č. 163/2002 Sb.;22;73;reviewed;individuálně upravené možnosti;
H27;Technické normy a výrobky;Výrobcem;je osoba, která vyrábí nebo i jen navrhla výrobek, za který odpovídá podle zákona a který hodlá uvést na trh pod svým jménem;pouze osoba, která výrobek po uvedení na trh prodává dál;jen zahraniční úřad vydávající stavební povolení;osoba, která výrobek nikdy nevyrobila ani nenavrhla a nenese za něj odpovědnost;§ 2 písm. d) zákona č. 22/1997 Sb.;22;73;reviewed;individuálně upravené možnosti;
H28;Technické normy a výrobky;Dovozcem;je osoba usazená v členském státě Evropské unie, která uvede na trh výrobek z jiného než členského státu Evropské unie;osoba, která výrobek sama vyrobila v EU a prodává pod svým jménem;výhradně koncový uživatel, který výrobek kupuje pro svou stavbu;osoba usazená mimo EU, která neuvádí výrobek na unijní trh;§ 2 písm. e) zákona č. 22/1997 Sb.;22;73;reviewed;individuálně upravené možnosti;
H29;Technické normy a výrobky;Distributorem;je ten, kdo v dodavatelském řetězci dodává výrobky na trh;vždy výhradně konečný uživatel, který výrobek již dále nedodává;jen stavební úřad rozhodující o kolaudaci;pouze osoba, která výrobek navrhla a sama vyrábí pod svým jménem;§ 2 písm. g) zákona č. 22/1997 Sb.;22;73;reviewed;individuálně upravené možnosti;
H30;Technické normy a výrobky;Uvedením výrobku na trh se rozumí;první dodání výrobku na trh v rámci obchodní činnosti, kterým se rozumí předání za účelem jeho distribuce, používání nebo spotřeby na trhu Evropské unie;až poslední prodej výrobku konečnému uživateli, nikoli první dodání na trh;pouze převzetí výrobku do vlastního skladu bez jakéhokoli dodání na trh;výhradně bezúplatné použití výrobku pro soukromou potřebu výrobce;§ 2 písm. b) zákona č. 22/1997 Sb.;22;73;reviewed;individuálně upravené možnosti;
H31;Technické normy a výrobky;Prohlášení o vlastnostech podle nařízení EP a Rady (EU) č. 305/2011, kterým se stanoví harmonizované podmínky pro uvádění stavebních výrobků na trh a kterým se zrušuje směrnice Rady 89/106/EHS, může vypracovat pouze;výrobce;výhradně stavební úřad;pouze distributor namísto výrobce;vždy výhradně konečný spotřebitel;čl. 4 bod 1. nařízení EP a Rady (EU) č. 305/2011;23;74;reviewed;individuálně upravené možnosti;
H32;Technické normy a výrobky;Výrobce vypracovává prohlášení o vlastnostech podle nařízení EP a Rady (EU) č. 305/2011, kterým se stanoví harmonizované podmínky pro uvádění stavebních výrobků na trh a kterým se zrušuje směrnice Rady 89/106/EHS, v případě, že;se na stavební výrobek vztahuje harmonizovaná norma nebo je výrobek v souladu s evropským technickým posouzením (ETA), které pro něj bylo vydáno;pouze tehdy, když na výrobek neexistuje harmonizovaná norma ani technické posouzení;výhradně na žádost katastrálního úřadu bez ohledu na technické posouzení;jen pokud se stavební výrobek vůbec nemá uvést na trh;čl. 4 bod 1. nařízení EP a Rady (EU) č. 305/2011;23;74;reviewed;individuálně upravené možnosti;
H33;Technické normy a výrobky;Nezávazný přehled harmonizovaných norem k nařízení EP a Rady (EU) č. 305/2011, kterým se stanoví harmonizované podmínky pro uvádění stavebních výrobků na trh a kterým se zrušuje směrnice Rady 89/106/EHS, je zveřejněn na webových stránkách;Úřadu pro technickou normalizaci, metrologii a státní zkušebnictví, informačním portálu pro stavební výrobky;výhradně na soukromém webu jednotlivého stavebníka;jen v neveřejném stavebním deníku zhotovitele;pouze na stránkách katastrálního úřadu místo informačního portálu pro stavební výrobky;Informace: https://www.nlfnorm.cz/normy/70/prehled-harmonizovanych-norem-kcpr;23;74;reviewed;individuálně upravené možnosti;
H34;Technické normy a výrobky;Je-li stavební výrobek s označením CE uváděn nebo dodáván na trh v České republice, musí být prohlášení o vlastnostech a pokyny a bezpečnostní informace k tomuto výrobku;v českém jazyce;pouze v libovolném cizím jazyce bez českého znění;výhradně v jazyce státu výrobce i při dodání na trh ČR;bez jakéhokoli jazykového znění pokynů a bezpečnostních informací;§ 13c zákona č. 22/1997 Sb.;23;74;reviewed;individuálně upravené možnosti;
H35;Technické normy a výrobky;Kopie prohlášení o vlastnostech stavebních výrobků, které jsou uváděny na trh se poskytne;buď v tištěné podobě nebo elektronickými prostředky;pouze ústně bez tištěné či elektronické kopie;výhradně stavebnímu úřadu, nikoli příjemci výrobku;"nikdy; kopie prohlášení se neposkytuje";čl. 7 bod 1. nařízení EP a Rady (EU) č. 305/2011;23;74;reviewed;individuálně upravené možnosti;
H36;Technické normy a výrobky;Na požádání se příjemci stavebního výrobku poskytne prohlášení o vlastnostech;v tištěné podobě;pouze ústní informací bez předání listiny;výhradně na veřejném webu bez možnosti získat tištěnou podobu na požádání;jen jako zápis do stavebního deníku bez tištěného prohlášení;čl. 7 bod 2. nařízení EP a Rady (EU) č. 305/2011;23;74;reviewed;individuálně upravené možnosti;
H37;Technické normy a výrobky;Výrobci uchovávají technickou dokumentaci a prohlášení o vlastnostech od uvedení stavebního výrobku na trh;po dobu 10 let;po dobu 8 let;po dobu 12 let;po dobu 15 let;čl. 11 bod 2. nařízení EP a Rady (EU) č. 305/2011;23;74;reviewed;individuálně zkontrolované možnosti;
H38;Technické normy a výrobky;Označení CE u stavebního výrobku musí být viditelně, čitelně a nesmazatelně připojeno;k výrobku nebo k jeho štítku. Pokud to vzhledem k povaze výrobku není možné nebo odůvodněné, připojí se k obalu nebo k průvodní dokumentaci;pouze do interní evidence výrobce bez označení výrobku nebo jeho obalu;vždy výhradně na přepravní paletu, nikdy na výrobek ani jeho štítek;tak, aby bylo označení snadno smazatelné a nečitelné;čl. 9 bod 1. nařízení EP a Rady (EU) č. 305/2011;23;74;reviewed;individuálně upravené možnosti;
H39;Technické normy a výrobky;Výjimky z povinnosti vypracovat prohlášení o vlastnostech ke stavebnímu výrobku, na který se vztahuje harmonizovaná norma, jsou uvedeny;v článku 5 nařízení EP a Rady (EU) č. 305/2011, kterým se stanoví harmonizované podmínky pro uvádění stavebních výrobků na trh a kterým se zrušuje směrnice Rady 89/106/EHS;v článku 6 nařízení EP a Rady (EU) č. 305/2011, kterým se stanoví harmonizované podmínky pro uvádění stavebních výrobků na trh a kterým se zrušuje směrnice Rady 89/106/EHS;v článku 7 nařízení EP a Rady (EU) č. 305/2011, kterým se stanoví harmonizované podmínky pro uvádění stavebních výrobků na trh a kterým se zrušuje směrnice Rady 89/106/EHS;v článku 4 nařízení EP a Rady (EU) č. 305/2011, kterým se stanoví harmonizované podmínky pro uvádění stavebních výrobků na trh a kterým se zrušuje směrnice Rady 89/106/EHS;čl. 5 nařízení EP a Rady (EU) č. 305/2011;23;74;reviewed;individuálně zkontrolované možnosti;
H40;Technické normy a výrobky;Pokud není ke stavebnímu výrobku vypracováno prohlášení o vlastnostech podle nařízení EP a Rady (EU) č. 305/2011, kterým se stanoví harmonizované podmínky pro uvádění stavebních výrobků na trh a kterým se zrušuje směrnice Rady 89/106/EHS;nesmí být ke stavebnímu výrobku připojeno označení CE;smí být na výrobek připojeno označení CE i bez prohlášení o vlastnostech;musí být označen CE na základě pouhého reklamního prohlášení;může být označen CE jen na základě ústního souhlasu výrobce;čl. 8 bod 2. nařízení EP a Rady (EU) č. 305/2011;23;74;reviewed;individuálně upravené možnosti;
H41;Technické normy a výrobky;Posouzení stavebního výrobku pro jeho uvedení na trh EU podle harmonizované normy je pro výrobce;povinné;zcela dobrovolné i tehdy, pokud se na výrobek vztahuje harmonizovaná norma;zakázané pro všechny výrobce;nahrazené vždy výhradně ústním prohlášením distributora;čl. 4 bod 1. nařízení EP a Rady (EU) č. 305/2011;23;74;reviewed;individuálně upravené možnosti;
H42;Technické normy a výrobky;Posouzení stavebního výrobku pro jeho uvedení na trh EU podle evropského dokumentu pro posuzování (EAD) je pro výrobce;dobrovolné;vždy povinné i bez rozhodnutí výrobce takový postup využít;zakázané i pro výrobek, pro který je dokument EAD vydán;vyhrazené výhradně stavebnímu úřadu bez možnosti rozhodnutí výrobce;čl. 4 bod 1. nařízení EP a Rady (EU) č. 305/2011;24;75;reviewed;individuálně upravené možnosti;
H43;Technické normy a výrobky;Dozor nad tím, zda jsou stanovené stavební výrobky a stavební výrobky s označením CE uváděny a dodávány na trh v České republice v souladu se zákonem č. 22/1997 Sb., o technických požadavcích na výrobky a nařízením EP a Rady (EU) č. 305/2011, kterým se stanoví harmonizované podmínky pro uvádění stavebních výrobků na trh a kterým se zrušuje směrnice Rady 89/106/EHS, provádí;Česká obchodní inspekce;výhradně katastrální úřad;pouze vlastník stavby jako konečný uživatel;jen jednotlivý výrobce kontrolující sám sebe bez dozoru státního orgánu;§ 18 zákona č. 22/1997 Sb.;24;75;reviewed;individuálně upravené možnosti;
H44;Technické normy a výrobky;Na základě posuzování shody vydá výrobce nebo dovozce prohlášení o shodě podle § 13 nařízení vlády č. 163/2002 Sb. a;připojí českou značku shody CCZ k výrobku;nepřipojí k výrobku žádné označení shody ani v případech jeho povinnosti;připojí výhradně označení výsledku kolaudace místo značky shody CCZ;připojí českou značku shody až k pozemku, nikoli k výrobku;§ 2 odst. 3 nařízení vlády č. 163/2002 Sb.;24;75;reviewed;individuálně upravené možnosti;
H45;Technické normy a výrobky;Výrobce nebo dovozce označení českou značkou shody CCZ nemusí připojit v případě;posouzení shody při kusové výrobě podle § 9;posouzení shody při kusové výrobě podle § 10;posouzení shody při kusové výrobě podle § 11;posouzení shody při kusové výrobě podle § 8;§ 2 odst. 3 nařízení vlády č. 163/2002 Sb.;24;75;reviewed;individuálně zkontrolované možnosti;
H46;Technické normy a výrobky;Označení českou značkou shody CCZ musí být viditelně, čitelně a nesmazatelně připojeno;k výrobku. Pokud to vzhledem k povaze výrobku není možné nebo odůvodněné, připojí se k obalu nebo k průvodní dokumentaci.;pouze do neveřejného interního seznamu výrobce bez označení výrobku;vždy jen na přepravní paletu, nikoli na výrobek, obal ani dokumentaci;tak, aby označení šlo snadno odstranit a nebylo čitelné;§ 2 odst. 4 nařízení vlády č. 163/2002 Sb.;24;75;reviewed;individuálně upravené možnosti;
I1;Bezpečnost práce;Zaměstnavatel;je povinen zajišťovat bezpečnost a ochranu zdraví při práci všech osob, které se s jeho vědomím zdržují na jeho pracovišti;je povinen zajišťovat bezpečnost pouze zaměstnanců s pracovní smlouvou;nemá povinnost dbát na bezpečnost osob, které se s jeho vědomím zdržují na pracovišti;odpovídá za bezpečnost jen po skončení pracovní doby, nikoli při práci;§ 101 odst. 5 zákoníku práce;24;75;reviewed;individuálně upravené možnosti;
I2;Bezpečnost práce;Zaměstnavatelé;jsou povinni vzájemně se písemně informovat o rizicích a vzájemně spolupracovat při zajišťování bezpečnosti a ochrany zdraví při práci, plní-li na jednom pracovišti úkoly zaměstnanci dvou a více zaměstnavatelů;jsou povinni vzájemně se ústně informovat o rizicích a vzájemně spolupracovat při zajišťování bezpečnosti a ochrany zdraví při práci, plní-li na jednom pracovišti úkoly zaměstnanci dvou a více zaměstnavatelů;jsou povinni vzájemně se telefonicky informovat o rizicích a vzájemně spolupracovat při zajišťování bezpečnosti a ochrany zdraví při práci, plní-li na jednom pracovišti úkoly zaměstnanci dvou a více zaměstnavatelů;jsou oprávněni vzájemně se písemně informovat o rizicích a vzájemně spolupracovat při zajišťování bezpečnosti a ochrany zdraví při práci, plní-li na jednom pracovišti úkoly zaměstnanci dvou a více zaměstnavatelů;§ 101 odst. 3 zákoníku práce;24;75;reviewed;individuálně zkontrolované možnosti;
I3;Bezpečnost práce;Zaměstnavatel;vyhotovuje záznamy a vede dokumentaci o všech pracovních úrazech, jejichž následkem došlo ke zranění zaměstnance s pracovní neschopností delší než tři kalendářní dny, nebo k úmrtí zaměstnance;vede záznamy pouze o pracovních úrazech končících úmrtím;nevede dokumentaci o pracovních úrazech při neschopnosti delší než tři kalendářní dny;záznamy o pracovních úrazech vede výhradně sám zraněný zaměstnanec;§ 105 odst. 3 zákoníku práce;24;75;reviewed;individuálně upravené možnosti;
I5;Bezpečnost práce;Příklady druhu prací velmi nečistých jsou;lakýrníci;výhradně administrativní pracovníci bez styku s nečistotami;pouze zaměstnanci pracující v čistých kancelářích;jen pracovníci vykonávající dálkově kancelářskou práci;příloha č. 4 nařízení vlády č. 390/2021 Sb.;24;75;reviewed;individuálně upravené možnosti;
I6;Bezpečnost práce;Zhotovitel je povinen;poskytovat koordinátorovi součinnost potřebnou pro plnění jeho úkolů po celou dobu svého zapojení do přípravy a realizace stavby.;poskytnout koordinátorovi součinnost jen při zahájení stavby;poskytnout součinnost až po úplném dokončení stavby;odmítnout veškerou součinnost koordinátorovi BOZP po dobu realizace;§ 16 zákona č. 309/2006 Sb.;24;75;reviewed;individuálně upravené možnosti;
I7;Bezpečnost práce;Pod vystupujícími konstrukčními prvky nad komunikacemi, zejména pod zavěšeným vedením, kabelovými lávkami, svítidly apod., musí být ve všech prostorech, kde se zdržují nebo procházejí osoby, dodržena alespoň minimální podchodná výška od podlahy;2,1 m;3,1 m;4,1 m;1,1 m;příloha nařízení vlády č. 101/2005 Sb.;24;75;reviewed;individuálně zkontrolované možnosti;
I8;Bezpečnost práce;Staveniště v zastavěném území obce nebo organizace musí být z důvodu zajištění ochrany stavby, zařízení a osob souvisle oploceno do výšky nejméně;1,8 m;2,8 m;3,8 m;0,8 m;příloha č. 1 nařízení vlády č. 591/2006 Sb;24;75;reviewed;individuálně zkontrolované možnosti;
I9;Bezpečnost práce;Dojde-li v průběhu prací ke změně povětrnostní situace nebo geologických, hydrogeologických, popř. provozních podmínek, které by mohly nepříznivě ovlivnit bezpečnost práce zejména při používání a provozu strojů, zajistí zhotovitel bez zbytečného odkladu;provedení nezbytné změny technologických postupů tak, aby byla zajištěna bezpečnost práce a ochrana zdraví fyzických osob a se změnou technologických postupů neprodleně seznámí příslušné fyzické osoby;pokračování podle nezměněného postupu i při vzniku nového bezpečnostního rizika;pouze zaznamenání změny počasí bez seznámení osob s novým postupem;odložení všech opatření až do dokončení prací;příloha č. 1 nařízení vlády č. 591/2006 Sb.;25;76;reviewed;individuálně upravené možnosti;
I10;Bezpečnost práce;Zhotovitel zajišťuje provádění odborných prohlídek pracoviště;způsobem a v intervalech stanovených v průvodní dokumentaci, vždy však po změně polohy a po mimořádných událostech, které mohly ovlivnit jeho stabilitu a pevnost;výhradně před zahájením provozu, nikdy po změně polohy pracoviště;jen po mimořádné události, bez intervalů předepsaných dokumentací;vždy pouze na ústní žádost zaměstnanců bez pravidelných intervalů;příloha č. 1 nařízení vlády č. 591/2006 Sb.;25;76;reviewed;individuálně upravené možnosti;
I11;Bezpečnost práce;Sypké materiály v pytlích se mohou ručně skladovat do výšky;1,5 m;2,5 m;3,5 m;0,5 m;příloha č. 3 nařízení vlády č. 591/2006 Sb.;25;76;reviewed;individuálně zkontrolované možnosti;
I12;Bezpečnost práce;V místech s nebezpečím výbuchu, zasypání, otravy, utonutí, pádu z výšky nebo do hloubky zajišťuje zhotovitel, aby fyzické osoby pracující na takovém pracovišti osamoceně byly seznámeny s pravidly dorozumívání pro případ nehody, a stanoví účinnou formu dohledu;pro potřebu včasného poskytnutí první pomoci;pro potřebu pouze následného hlášení pracovního úrazu;pouze pro kontrolu dodržování pracovní doby;výhradně pro předání nářadí mezi pracovníky;příloha č. 1 nařízení vlády č. 591/2006 Sb.;25;76;reviewed;individuálně zkontrolované možnosti;
I13;Bezpečnost práce;Zábradlí, není-li bezpečnost osob zajištěna jiným způsobem, například parapety, zdivem nebo jinou konstrukcí, musí být zřízena na volných okrajích mostů, lávek, ochozů, galerií, na schodištích a vyrovnávacích rampách a u pracovišť a komunikací o nestejné úrovni, je-li rozdíl úrovní vyšší než;0,5 m;1,5 m;2,5 m;3,5 m;příloha nařízení vlády č. 101/2005 Sb.;25;76;reviewed;individuálně zkontrolované možnosti;
I14;Bezpečnost práce;Výkopové práce na odlehlých pracovištích nesmí provádět pracovník osamoceně od hloubky;1,3 m;2,3 m;3,3 m;0,5 m;příloha č. 3 nařízení vlády č. 591/2006 Sb.;25;76;reviewed;individuálně zkontrolované možnosti;
I15;Bezpečnost práce;Svislé stěny (boky) ručních výkopů musí být v zastavěném území zajištěny pažením při hloubce větší než;1,3 m;2,3 m;3,3 m;0,5 m;příloha č. 3 nařízení vlády č. 591/2006 Sb.;25;76;reviewed;individuálně zkontrolované možnosti;
I16;Bezpečnost práce;Svislé stěny (boky) ručních výkopů musí být v nezastavěném území zajištěny pažením při hloubce větší než;1,5 m;2,5 m;3,5 m;0,5 m;příloha č. 3 nařízení vlády č. 591/2006 Sb.;25;76;reviewed;individuálně zkontrolované možnosti;
I17;Bezpečnost práce;"Pro přepravu zeminy kolečkem musí být zřízena dostatečně široká a únosná komunikace bez prudkých přechodů; její povrch nesmí být kluzký a podle okolností musí být zpevněn a musí být ve sklonu nejvýše";1:5;2:5;3:5;4:5;příloha č. 3 nařízení vlády č. 591/2006 Sb.;25;76;reviewed;individuálně zkontrolované možnosti;
I18;Bezpečnost práce;Nechráněné otvory ve stěnách, s výjimkou otvorů, jejichž dolní okraj leží výše než 1,1 m nad podlahou, nebo otvorů o šířce menší než 0,30 m a výšce menší než 0,75 m, musí být zabezpečeny proti vypadnutí osob, pokud by mohlo dojít k pádu do hloubky větší než;1,5 m;2,5 m;3,5 m;0,5 m;příloha nařízení vlády č. 101/2005 Sb.;25;76;reviewed;individuálně zkontrolované možnosti;
I19;Bezpečnost práce;Únosnost podpěrných konstrukcí a bednění musí být doložena;statickým výpočtem v dodavatelské dokumentaci s výjimkou prvků bez konstrukčního rizika;výhradně ústním ujištěním zhotovitele bez statického výpočtu;pouze orientačním odhadem podle hmotnosti bednicích desek;jen fotografií konstrukce bez doložení její únosnosti;příloha č. 3 nařízení vlády č. 591/2006 Sb.;25;76;reviewed;individuálně upravené možnosti;
I20;Bezpečnost práce;Při odbedňovacích pracích, kdy se neuvolňují nebo neodstraňují nosné části bednění a stabilita žebříku není závislá na demontovaných částech bednění a podpěr, lze použít pouze žebříku do výše odbedňovací konstrukce nad pracovní podlahou;3 m;4 m;5 m;2 m;příloha č. 3 nařízení vlády č. 591/2006 Sb.;25;76;reviewed;individuálně zkontrolované možnosti;
I21;Bezpečnost práce;Pokud nařízení vlády č. 362/2005 Sb., o bližších požadavcích na bezpečnost a ochranu zdraví při práci na pracovištích s nebezpečím pádu z výšky nebo do hloubky, nestanoví jinak, musí být zabezpečení proti pádu osob provedeno na pracovištích a přístupových komunikacích v libovolné výšce nad vodou nebo nad látkami ohrožujícími v případě pádu život nebo zdraví osob například popálením, poleptáním, akutní otravou, zadušením a na všech ostatních pracovištích a přístupových komunikacích, pokud leží ve výšce nad okolní úrovní, případně pokud pod nimi volná hloubka přesahuje;1,5 m;2,5 m;3,5 m;0,5 m;§ 3 odst. 1 nařízení vlády č. 362/2005 Sb.;26;77;reviewed;individuálně zkontrolované možnosti;
I22;Bezpečnost práce;Pokud zvláštní předpis nestanoví jinak, považuje se za dostatečnou výška horní tyče (madla) zábradlí;1,1 m;2,1 m;3,1 m;0,5 m;příloha nařízení vlády č. 362/2005 Sb.;26;77;reviewed;individuálně zkontrolované možnosti;
I23;Bezpečnost práce;Pokud nařízení vlády č. 362/2005 Sb., o bližších požadavcích na bezpečnost a ochranu zdraví při práci na pracovištích s nebezpečím pádu z výšky nebo do hloubky, nestanoví jinak, není nutné provádět ochranu proti pádu na souvislé ploše, jejíž sklon od vodorovné roviny nepřesahuje 10 stupňů, pokud pracoviště, popř. přístupová komunikace, jsou vymezeny vhodnou ochranou proti pádu, například zábranou umístěnou ve vzdálenosti od okraje;nejméně 1,5 m;nejméně 2,5 m;nejméně 3,5 m;nejméně 0,5 m;§ 3 odst. 3 nařízení vlády č. 362/2005 Sb.;26;77;reviewed;individuálně zkontrolované možnosti;
I24;Bezpečnost práce;Ochranu proti pádu zajišťuje zaměstnavatel přednostně pomocí;prostředků kolektivní ochrany;výhradně osobními ochrannými prostředky bez upřednostnění kolektivní ochrany;pouze upozorňovací tabulí bez prostředků ochrany;jen ústním poučením o pádu bez technického zabezpečení;§ 3 nařízení vlády č. 362/2005 Sb.;26;77;reviewed;individuálně upravené možnosti;
I25;Bezpečnost práce;Zhotovitel zajistí,;aby při provádění bouracích prací bylo provedeno statické zajištění okolních staveb tak, aby nebyla ohrožena jejich stabilita;aby okolní stavby zůstaly bez statického zajištění i při ohrožení stability;pouze aby se bourací práce provedly co nejrychleji bez ohledu na sousední stavby;aby statické zajištění okolních staveb bylo provedeno až po jejich poškození;příloha č. 3 nařízení vlády č. 591/2006 Sb.;26;77;reviewed;individuálně upravené možnosti;
I26;Bezpečnost práce;Konstrukční prvky mohou být při ručním bourání odstraněny jen tehdy,;nejsou-li zatíženy;jen tehdy, jsou-li stále zatíženy dalšími konstrukcemi;vždy bez ohledu na zatížení konstrukčního prvku;pouze tehdy, když má zatížený prvek nosnou funkci;příloha č. 3 nařízení vlády č. 591/2006 Sb.;26;77;reviewed;individuálně upravené možnosti;
I27;Bezpečnost práce;Při lepení krytin z plastových, pryžových, korkových a obdobných materiálů je třeba zajistit intenzivní nepřerušované větrání vymezeného pracoviště k předcházení vzniku výbušné atmosféry, a to po celou dobu lepení a po jeho ukončení nejméně;24 hodin;18 hodin;30 hodin;36 hodin;příloha č. 3 nařízení vlády č. 591/2006 Sb.;26;77;reviewed;individuálně zkontrolované možnosti;
I28;Bezpečnost práce;Ochranný nápoj chránící před zátěží chladem se poskytuje při práci na nevenkovním pracovišti, na němž musí být udržována operativní nebo výsledná teplota jako technologický požadavek, nebo na venkovním pracovišti, na němž je korigovaná teplota vzduchu, pokud je tato teplota nižší než;4 °C;5 °C;6 °C;3 °C;§ 8 nařízení vlády č. 361/2007 Sb.;26;77;reviewed;individuálně zkontrolované možnosti;
I29;Bezpečnost práce;Přijatelnou mírou snížení expozice chemické látce nebo prachu, pokud v případě mimořádné události nepostačují dostupná technická opatření k omezení nadměrné expozice zaměstnance chemické látce nebo prachu na přijatelnou míru, jde-li o chemickou látku nebo směs, se rozumí;1/3 její nejvyšší přípustné koncentrace;1/2 její nejvyšší přípustné koncentrace;2/3 její nejvyšší přípustné koncentrace;její plná nejvyšší přípustná koncentrace;§ 12 nařízení vlády č. 361/2007 Sb.;26;77;reviewed;individuálně zkontrolované možnosti;
I30;Bezpečnost práce;Fyzická osoba se dopustí přestupku na úseku bezpečnosti práce tím, že nezajistí s ohledem na možné ohrožení života nebo zdraví bezpečnost;fyzických osob zdržujících se s jejím vědomím na jejích pracovištích;pouze zaměstnanců s písemnou pracovní smlouvou, ostatní přítomní se nezapočítávají;jen osob nacházejících se mimo její pracoviště;výhradně osob, které se na pracovišti zdržují bez jejího vědomí;§17 zákona č. 251/2005 Sb.;26;77;reviewed;individuálně upravené možnosti;
I31;Bezpečnost práce;Fyzická osoba se dopustí přestupku na úseku bezpečnosti práce tím, že;neplní povinnost zhotovitele poskytovat koordinátorovi bezpečnosti a ochrany zdraví při práci na staveništi součinnost, ačkoli k tomu má povinnost podle zákona o zajištění dalších podmínek bezpečnosti a ochrany zdraví při práci;řádně a včas poskytuje koordinátorovi veškerou požadovanou součinnost;plní všechny uložené povinnosti zhotovitele vůči koordinátorovi;pouze proto, že písemně upozornil na nebezpečnou situaci na staveništi;§17 zákona č. 251/2005 Sb.;26;77;reviewed;individuálně upravené možnosti;
I32;Bezpečnost práce;Státní správu v oblasti bezpečnosti provozu vyhrazených technických zařízení vykonávají;Ministerstvo práce a sociálních věcí, Státní úřad inspekce práce a oblastní inspektoráty práce.;výhradně jednotliví výrobci zařízení bez státních orgánů;jen vlastníci vyhrazených zařízení na svých stavbách;pouze obecní stavební úřady bez orgánů inspekce práce;§ 4 zákona č. 250/2021 Sb.;26;77;reviewed;individuálně upravené možnosti;
I33;Bezpečnost práce;Kdo je pověřenou organizací k plnění úkolů v oblasti bezpečnosti provozu vyhrazených technických zařízení?;Technická inspekce ČR;katastrální úřad;výhradně každý provozovatel technického zařízení sám za sebe;pouze stavební úřad, který stavbu kolaudoval;§ 24 odst. 3 zákona č. 250/2021 Sb.;27;78;reviewed;individuálně upravené možnosti;
I34;Bezpečnost práce;Vyhrazeným technickým zařízením podle zákona č. 250/2021 Sb. se rozumí;tlakové, zdvihací, elektrické nebo plynové zařízení, které při provozu svým charakterem nebo akumulovanou energií, v důsledku nesprávného použití, výskytem provozních rizik vyvolávajících nebezpečné situace nebo nedodržením podmínek bezpečného provozu představuje závažné riziko ohrožení života, zdraví a bezpečnosti fyzických osob.;jen běžné mechanické vybavení kanceláře bez závažného provozního rizika;výhradně zařízení nepředstavující žádné riziko pro život a zdraví osob;jakékoli nefunkční zařízení bez možnosti provozu a akumulované energie;§ 2, odst. 1 písm. a) zákona č. 250/2021 Sb.;27;78;reviewed;individuálně upravené možnosti;
I35;Bezpečnost práce;Revizí se podle zákona č. 250/2021 Sb. rozumí;posouzení provozní a technické bezpečnosti vyhrazeného technického zařízení uváděného do provozu nebo již provozovaného, při kterém se prohlídkou, zkouškou nebo měřením ověřuje, zda zařízení odpovídá právním a ostatním předpisům k zajištění bezpečnosti a ochrany zdraví při práci, popřípadě posouzení technické dokumentace a odborné způsobilosti obsluhy a provádí ji revizní technik;pouze běžná obsluha zařízení bez prohlídky, zkoušky nebo měření;jen kontrola ceny provozu zařízení bez posouzení jeho bezpečnosti;výhradně ústní souhlas vlastníka bez odborné způsobilosti revizního technika;§ 2, odst. 1 písm. b) a c) zákona č. 250/2021 Sb.;27;78;reviewed;individuálně upravené možnosti;
I36;Bezpečnost práce;Provozovatel je povinen bez zbytečného odkladu ohlásit oblastnímu inspektorátu havárii, která vznikla v souvislosti s provozem vyhrazených technických zařízení, nebo kdy jsou příčinou vzniku této události vyhrazená technická zařízení a v jejímž důsledku došlo ke škodě na majetku zjevně přesahující částku;5 000 000 Kč;6 000 000 Kč;7 000 000 Kč;4 000 000 Kč;§ 22 zákona č. 250/2021 Sb.;27;78;reviewed;individuálně zkontrolované možnosti;
I37;Bezpečnost práce;Kdo může projektovat vyhrazená elektrická zařízení, která nejsou předmětem autorizace podle autorizačního zákona?;Vedoucí elektrotechnik;jakákoli osoba bez elektrotechnické kvalifikace;výhradně katastrální úřad;pouze revizní technik plynových zařízení bez elektrotechnické způsobilosti;§ 7 nařízení vlády č. 194/2022 Sb.;27;78;reviewed;individuálně upravené možnosti;
I38;Bezpečnost práce;Za vyhrazená technická elektrická zařízení se považují;elektrická zařízení pro výrobu, přeměnu, přenos, rozvod, distribuci a odběr elektrické energie a elektrické instalace staveb a technologií, zařízení určená k ochraně před účinky atmosférické a statické elektřiny;pouze elektrické spotřebiče pro domácnost bez instalací staveb a ochrany před bleskem;jen přenosná neelektrická zařízení bez elektrických instalací;výhradně elektronické registrační pokladny bez zařízení pro výrobu a přenos elektřiny;§ 3 odst. 1 nařízení vlády č. 190/2022 Sb.;27;78;reviewed;individuálně upravené možnosti;
I39;Bezpečnost práce;Osobu odpovědnou za provoz vyhrazeného technického plynového zařízení určí;provozovatel tohoto plynového zařízení, který odpovídá za její seznámení s požadavky právních a ostatních předpisů k zajištění bezpečnosti a ochrany zdraví při práci pro příslušné zařízení;výhradně stavební úřad bez účasti provozovatele plynového zařízení;jen dodavatel plynu bez seznámení osoby s požadavky BOZP;jakýkoli zaměstnanec bez určení provozovatelem a bez poučení;§ 15 nařízení vlády č. 191/2022 Sb.;27;78;reviewed;individuálně upravené možnosti;
I40;Bezpečnost práce;Za vyhrazená technická tlaková zařízení se považují;"tlakové nádoby a kotle s nejvyšším pracovním tlakem vyšším než 0,5 bar, a to parní a kapalinové kotle, jejichž nejvyšší pracovní tlak přesahuje 0,5 bar a teplota pracovní tekutiny převyšuje při tomto tlaku bod varu pracovní tekutiny, tlakové nádoby, jejichž nejvyšší pracovní tlak přesahuje 0,5 bar a které obsahují plyny, páry nebo žíravé, toxické a výbušné kapaliny skupiny 1 o jakékoliv teplotě nebo jakékoliv kapaliny o teplotě převyšující jejich bod varu při tlaku 0,5 bar; za tlakovou nádobu jsou považovány též vyvíječe páry typu pára/pára a typu horká voda/pára a vyvíječe páry bez nebezpečí přehřátí, nádoby na plyny sloužící k dopravě plynů, jejichž kritická teplota je nižší než + 50 °C nebo u nichž při teplotě + 50 °C je absolutní tlak par vyšší než 3 bar od zdroje na místo spotřeby";"pouze parní kotle s nejvyšším pracovním tlakem do 0,5 bar; tlakové nádoby obsahující plyny se nezahrnují";jen tlakové nádoby s pracovním tlakem nad 5 bar, nikoli parní a kapalinové kotle;"výhradně nádoby na plyny určené k dopravě; parní a kapalinové kotle se mezi ně nikdy nezařazují";§ 4 odst. 1 nařízení vlády č. 192/2022 Sb.;27;78;reviewed;individuálně upravené možnosti;
I41;Bezpečnost práce;Vyhrazenými technickými zdvihacími zařízeními I. třídy jsou;jeřáby a zdvihadla včetně kladkostrojů s motorickým pohonem o nosnosti od 3 200 kg a jeřáby a zdvihadla včetně kladkostrojů s ručním pohonem o nosnosti od 5 000 kg, včetně trvale instalovaného zařízení pro uchopení a zavěšení břemene, stavební výtahy pro přepravu osob a nákladu, regálové zakladače se svisle pohyblivými stanovišti obsluhy a jejich přesuvny;"pouze jeřáby s motorickým pohonem od nosnosti 10 000 kg; stavební výtahy pro osoby se nezařazují";jen ruční kladkostroje do 1 000 kg, nikoli stavební výtahy nebo motorická zdvihadla;"výhradně jeřáby s ručním pohonem; motorická zdvihadla a regálové zakladače jsou z I. třídy vyloučeny";§ 4 nařízení vlády č. 193/2022 Sb.;27;78;reviewed;individuálně upravené možnosti;
J3;Požární bezpečnost;Požární bezpečnost stavebního objektu je podle ČSN 73 0802 - Požární bezpečnost staveb – nevýrobní objekty charakterizována;stupněm požární bezpečnosti jednotlivých požárních úseků, na které je stavební objekt rozdělen;výhradně celkovou podlahovou plochou bez rozlišení požárních úseků;jen počtem podlaží bez stanovení stupňů požární bezpečnosti úseků;pouze barvou obvodového pláště bez ohledu na požární úseky;čl. 7.1 ČSN 73 0802 - Požární bezpečnost staveb – nevýrobní objekty;28;79;reviewed;individuálně upravené možnosti;
J7;Požární bezpečnost;Ministerstvo vnitra vykonává státní požární dozor podle § 31 odst. 1 písm. b) a c) zákona č. 133/1985 Sb., o požární ochraně u staveb;které se mají uskutečnit na území dvou nebo více krajů, nebo u staveb, které si vyhradí;výhradně u staveb omezených na území jediné obce, které si nevyhradí;pouze u staveb, které si vyhradí obecní stavební úřad bez ministerstva;nikdy u staveb uskutečňovaných na území více krajů;§ 32 a), b) zákona č. 133/1985 Sb., o požární ochraně;28;79;reviewed;individuálně upravené možnosti;
J17;Požární bezpečnost;Požární úseky stavby s vnitřním shromažďovacím prostorem a navazující únikové cesty musí být podle vyhlášky č. 23/2008 Sb., o technických podmínkách požární ochrany staveb, vybaveny;nouzovým osvětlením;pouze běžným denním osvětlením bez nouzového zdroje;výhradně značkami na podlaze bez nouzového osvětlení;jen záložním osvětlením venkovního parkoviště místo únikových cest;§ 19 odst. 6 vyhlášky č. 23/2008 Sb., o technických podmínkách požární ochrany staveb;28;79;reviewed;individuálně upravené možnosti;
J18;Požární bezpečnost;Na povrchovou stavební úpravu stěny, stropu a podhledu vnitřního shromažďovacího prostoru musí být podle vyhlášky č. 23/2008 Sb., o technických podmínkách požární ochrany staveb, použity stavební výrobky třídy reakce na oheň;nejméně B-s1-d0, které splňují požadavek na šíření plamene podle české technické normy uvedené v příloze č. 1 části 11 bodu 2;nejméně B-s1-d0, které splňují požadavek na šíření plamene podle české technické normy uvedené v příloze č. 2 části 11 bodu 2;nejméně B-s1-d0, které splňují požadavek na šíření plamene podle české technické normy uvedené v příloze č. 3 části 11 bodu 2;nejméně B-s1-d0, které splňují požadavek na šíření plamene podle české technické normy uvedené v příloze č. 4 části 11 bodu 2;§ 19 odst. 2 vyhlášky č. 23/2008 Sb., o technických podmínkách požární ochrany staveb;28;79;reviewed;individuálně zkontrolované možnosti;
J24;Požární bezpečnost;Při projektování požárně bezpečnostních zařízení se ve smyslu vyhlášky č. 246/2001 Sb., o stanovení podmínek požární bezpečnosti a výkonu státního požárního dozoru (vyhláška o požární prevenci), postupuje;Podle normativních požadavků, návrhy požárně bezpečnostních zařízení jsou nedílnou součástí požárně bezpečnostního řešení stavby.;"bez přihlédnutí k normativním požadavkům; návrhy nejsou součástí požárně bezpečnostního řešení";výhradně podle ceny zařízení bez posouzení normativních požadavků;samostatně bez vazby návrhů zařízení na požárně bezpečnostní řešení stavby;§ 5 odst. 1 vyhlášky č. 246/2001 Sb.., o stanovení podmínek požární bezpečnosti a výkonu státního požárního dozoru (vyhláška o požární prevenci);28;79;reviewed;individuálně upravené možnosti;
J25;Požární bezpečnost;Podle vyhlášky o požární prevenci č. 246/2001 Sb., o stanovení podmínek požární bezpečnosti a výkonu státního požárního dozoru (vyhláška o požární prevenci), zabezpečuje při projektování dvou a více vzájemně se ovlivňujících požárně bezpečnostních zařízení koordinaci funkcí těchto zařízení;zpracovatel požárně bezpečnostního řešení stavby;výhradně katastrální úřad;jen dodavatel nejlevnějšího zařízení bez ohledu na požárně bezpečnostní řešení;pouze vlastník sousední nemovitosti;§ 5 odst. 2 vyhlášky č. 246/2001 Sb., o stanovení podmínek požární bezpečnosti a výkonu státního požárního dozoru (vyhláška o požární prevenci);28;79;reviewed;individuálně upravené možnosti;
J26;Požární bezpečnost;Zařízení tvořící systém ochrany stavby a jejího uživatele před bleskem nebo jinými atmosférickými elektrickými výboji musí být navrženo z výrobků;třídy reakce na oheň nejméně A2;pouze z výrobků třídy reakce na oheň D;jen z výrobků, u nichž třída reakce na oheň nebyla určena;výhradně z výrobků třídy E nebo F bez požadavku A2;§ 9 odst. 2 vyhlášky č. 23/2008 Sb., o technických podmínkách požární ochrany staveb;28;79;reviewed;individuálně upravené možnosti;
J28;Požární bezpečnost;Nouzovým osvětlením musí být vybavena;chráněná úniková cesta a částečně chráněná úniková cesta, pokud nahrazuje chráněnou únikovou cestu;pouze nechráněná úniková cesta bez dalších podmínek;jen příjezdová cesta pro zásahová vozidla, nikoli chráněná úniková cesta;výhradně místnosti bez únikové cesty;§ 10 odst. 1 vyhlášky č. 23/2008 Sb., o technických podmínkách požární ochrany staveb;28;79;reviewed;individuálně upravené možnosti;
J34;Požární bezpečnost;Ve stavbě s vnitřním shromažďovacím prostorem druhu VP2 a VP3 podle české technické normy ČSN 73 0831 - Požární bezpečnost staveb – shromažďovací prostory musí být;zřízen evakuační výtah, kromě případů, kde je z podlaží shromažďovacího prostoru umožněn únik na volné prostranství po rovině nebo rampě;zřízen vždy jen osobní výtah bez možnosti evakuace;evakuační výtah není třeba ani tehdy, když z prostoru nevede únik po rovině ani rampě;evakuační výtah je nutný vždy, i při úniku na volné prostranství po rovině;§ 19 odst. 9 vyhlášky č. 23/2008 Sb., o technických podmínkách požární ochrany staveb;28;79;reviewed;individuálně upravené možnosti;
J36;Požární bezpečnost;Požární úsek garáže se zakladačovým systémem, který nesplňuje podmínky pro rychlý a účinný zásah jednotky požární ochrany, musí být vybaven;stabilním hasicím zařízením alespoň s jednoduchým zásobováním vodou podle české technické normy uvedené v příloze č. 1 části 12;stabilním hasicím zařízením alespoň s jednoduchým zásobováním vodou podle české technické normy uvedené v příloze č. 2 části 12;stabilním hasicím zařízením alespoň s jednoduchým zásobováním vodou podle české technické normy uvedené v příloze č. 3 části 12;stabilním hasicím zařízením alespoň s jednoduchým zásobováním vodou podle české technické normy uvedené v příloze č. 4 části 12;§ 21 odst. 4 vyhlášky č. 23/2008 Sb., o technických podmínkách požární ochrany staveb;28;79;reviewed;individuálně zkontrolované možnosti;
J40;Požární bezpečnost;Obsah a rozsah požárně bezpečnostního řešení stanoví;§ 41 vyhlášky č. 246/2001 Sb., o stanovení podmínek požární bezpečnosti a výkonu státního požárního dozoru (vyhláška o požární prevenci);§ 31 vyhlášky č. 246/2001 Sb., o stanovení podmínek požární bezpečnosti a výkonu státního požárního dozoru (vyhláška o požární prevenci);§ 51 vyhlášky č. 246/2001 Sb., o stanovení podmínek požární bezpečnosti a výkonu státního požárního dozoru (vyhláška o požární prevenci);§ 62 vyhlášky č. 246/2001 Sb., o stanovení podmínek požární bezpečnosti a výkonu státního požárního dozoru (vyhláška o požární prevenci);§ 41 vyhlášky č. 246/2001 Sb., o stanovení podmínek požární bezpečnosti a výkonu státního požárního dozoru (vyhláška o požární prevenci);29;80;reviewed;individuálně zkontrolované možnosti;
J41;Požární bezpečnost;Státní požární dozor se, v rozsahu podle § 31 odst. 1 písm. b) a c) zákona č. 133/1985 Sb., o požární ochraně, nevykonává u stavby kategorie;kategorie 0 a I;pouze kategorie II a III;bez výjimky u všech kategorií včetně III;jen kategorie III namísto kategorií 0 a I;§ 40 odst. 1 zákona č. 133/1985 Sb., o požární ochraně;29;80;reviewed;individuálně upravené možnosti;
J42;Požární bezpečnost;Požárně bezpečnostní řešení se zpracovává pro stavby;kategorie I, II a III;výhradně kategorie 0;pouze kategorie 0 a I, nikoli II a III;pro žádnou ze staveb kategorie I, II ani III;§ 40 odst. 2 zákona č. 133/1985 Sb., o požární ochraně;29;80;reviewed;individuálně upravené možnosti;
J43;Požární bezpečnost;Z hlediska požární bezpečnosti a ochrany obyvatelstva se stavba člení na;stavbu kategorie 0 – nepředstavující zvláštní nebezpečí, stavbu kategorie I – představující mírné nebezpečí, stavbu kategorie II – představující vyšší nebezpečí a stavbu kategorie III – představující vysoké nebezpečí;jen kategorie I a II, bez kategorií 0 a III;na kategorie 0 až V bez ohledu na stupeň nebezpečí;výhradně podle vlastnictví stavby, nikoli podle nebezpečí;§ 39 odst. 1 zákona č. 133/1985 Sb., o požární ochraně;29;80;reviewed;individuálně upravené možnosti;
J44;Požární bezpečnost;Nadřízeným správním orgánem příslušným ke zrušení, potvrzení nebo změně závazného stanoviska na úseku požární ochrany vydaného hasičským záchranným sborem kraje je u stavby kategorie II;ředitel hasičského záchranného sboru kraje;vždy Ministerstvo vnitra – generální ředitelství HZS ČR jako u kategorie III;výhradně obecní stavební úřad;pouze zpracovatel požárně bezpečnostního řešení;§ 31 odst. 6 písm. a) zákona č. 133/1985 Sb., o požární ochraně;29;80;reviewed;individuálně upravené možnosti;
J45;Požární bezpečnost;Nadřízeným správním orgánem příslušným ke zrušení, potvrzení nebo změně závazného stanoviska na úseku požární ochrany vydaného hasičským záchranným sborem kraje je u stavby kategorie III;Ministerstvo vnitra – generální ředitelství hasičského záchranného sboru České republiky;ředitel hasičského záchranného sboru kraje jako u kategorie II;pouze obecní stavební úřad;výhradně vlastník stavby bez správního orgánu;§ 31 odst. 6 písm. b) zákona č. 133/1985 Sb., o požární ochraně;29;80;reviewed;individuálně upravené možnosti;
J46;Požární bezpečnost;Kritéria a charakteristiku stavby pro její zařazení do kategorie z hlediska požární bezpečnosti a ochrany obyvatelstva stanoví;vyhláška č. 460/2021 Sb., o kategorizaci staveb z hlediska požární bezpečnosti a ochrany obyvatelstva;výhradně vnitřní směrnice každého jednotlivého projektanta;pouze katastrální vyhláška bez pravidel požární bezpečnosti;jen souhlas vlastníka stavby bez právního předpisu;Vyhláška č. 460/2021 Sb., o kategorizaci staveb z hlediska požární bezpečnosti a ochrany obyvatelstva;29;80;reviewed;individuálně upravené možnosti;
J47;Požární bezpečnost;Třídou využití se pro potřeby kategorizace staveb z hlediska požární bezpečnosti a ochrany obyvatelstva rozumí;kritérium, podle kterého se hodnotí stavba na základě podmínek objektové evakuace, a to s ohledem na využití stavby nebo její části pro spánek osob, pro veřejnost, nebo pro užívání osobami, jejichž evakuace při požáru je podmíněna asistencí dalších osob;výhradně údaj o ceně dokončené stavby;jen druh vlastnického práva bez souvislosti s evakuací osob;pouze počet podlaží bez ohledu na spánek, veřejnost nebo asistovanou evakuaci;§ 2 písm. e) vyhlášky č. 460/2021 Sb., o kategorizaci staveb z hlediska požární bezpečnosti a ochrany obyvatelstva;29;80;reviewed;individuálně upravené možnosti;
J48;Požární bezpečnost;Výškou stavby u stavby, která není budovou podle vyhlášky č. 460/2021 Sb., o kategorizaci staveb, z hlediska požární bezpečnosti a ochrany obyvatelstva je:;výška nadzemní části stavby, ve které se předpokládá pobyt osob nebo vedení požárního zásahu;vždy výhradně hloubka podzemní části stavby;pouze maximální výška jakékoli antény bez pobytu osob a zásahu;jen nadmořská výška pozemku místo výšky nadzemní části stavby;§ 2 písm. d) vyhlášky č. 460/2021 Sb., o kategorizaci staveb z hlediska požární bezpečnosti a ochrany obyvatelstva;29;80;reviewed;individuálně upravené možnosti;
J49;Požární bezpečnost;Nejvyšší třídou využití podle vyhlášky č. 460/2021 Sb., o kategorizaci staveb, z hlediska požární bezpečnosti a ochrany obyvatelstva je;pátá třída využití;čtvrtá třída využití;šestá třída využití;třetí třída využití;§ 5 odst. 4 vyhlášky č. 460/2021 Sb., o kategorizaci staveb z hlediska požární bezpečnosti a ochrany obyvatelstva;29;80;reviewed;individuálně upravené možnosti;
J50;Požární bezpečnost;Stavba je podle vyhlášky č. 460/2021 Sb., o kategorizaci staveb z hlediska požární bezpečnosti a ochrany obyvatelstva zařazena do příslušné kategorie:;vždycky jako celek, každá jednotlivá stavba;každá jednotlivá místnost zvlášť namísto celé stavby;výhradně jako soubor všech staveb na stavebním pozemku;pouze podle kategorie sousední budovy bez posouzení vlastní stavby;§ 3 odst. 1 vyhlášky č. 460/2021 Sb., o kategorizaci staveb z hlediska;29;80;reviewed;individuálně upravené možnosti;
K1;Katastr a zeměměřictví;Pozemkem podle katastrálního zákona je;část zemského povrchu oddělená od sousedních částí hranicemi uvedenými v katastrálním zákoně;pouze budova s přiděleným číslem popisným;vždy libovolná plocha bez vymezených hranic;jen podzemní prostor pod více sousedními parcelami;§ 2 písm. a) katastrálního zákona;30;81;reviewed;individuálně upravené možnosti;
K2;Katastr a zeměměřictví;Budovou podle katastrálního zákona je;nadzemní stavba spojená se zemí pevným základem, která je prostorově soustředěna a navenek převážně uzavřena obvodovými stěnami a střešní konstrukcí;podzemní stavba spojená se zemí pevným základem, navenek uzavřená střešní konstrukcí;nadzemní stavba nezávislá na pevném spojení se zemí, navenek otevřená;každá stavba s přiděleným číslem popisným bez ohledu na konstrukci;§ 2 písm. l) katastrálního zákona;30;81;reviewed;individuálně zkontrolované možnosti;
K3;Katastr a zeměměřictví;Stavba součástí pozemku;je, vyjma staveb dočasných;není nikdy součástí pozemku ani u trvalé stavby;je bez výjimky součástí pozemku i u dočasných staveb;je vždy výlučně samostatnou movitou věcí;§ 506 odst. 1 občanského zákoníku;30;81;reviewed;individuálně upravené možnosti;
K4;Katastr a zeměměřictví;V katastru nemovitostí se evidují;pozemky v podobě parcel, budovy, kterým se přiděluje číslo popisné nebo evidenční, pokud nejsou součástí pozemku nebo práva stavby, budovy, kterým se číslo popisné ani evidenční nepřiděluje, pokud nejsou součástí pozemku ani práva stavby, jsou hlavní stavbou na pozemku a nejde o drobné stavby, jednotky vymezené podle občanského zákoníku, jednotky vymezené podle zákona o vlastnictví bytů, právo stavby, nemovitosti, o nichž to stanoví jiný právní předpis;"pouze pozemky, budovy a práva stavby; jednotky se nikdy neevidují";výhradně drobné stavby bez parcel a bez jednotek;jen budovy s číslem popisným, nikoli pozemky v podobě parcel;§ 3 odst. 1 katastrálního zákona;30;81;reviewed;individuálně upravené možnosti;
K5;Katastr a zeměměřictví;Cenové údaje obsahem katastru nemovitostí;jsou;nejsou za žádných okolností obsahem katastru nemovitostí;katastr obsahuje výhradně geometrické údaje, nikdy cenové;cenové údaje jsou bez výjimky vedeny pouze ve stavebním deníku;§ 4 odst. 1 písm. c) katastrálního zákona;30;81;reviewed;individuálně upravené možnosti;
K6;Katastr a zeměměřictví;Zápisy práv se do katastru nemovitostí provádějí na základě písemností v podobě;listinné nebo elektronické;výhradně ústní, bez podkladové písemnosti;pouze listinné, elektronická podoba je vždy vyloučena;jen v neověřené podobě bez jakékoli listiny nebo elektronického podkladu;§ 7 odst. 1 katastrálního zákona;30;81;reviewed;individuálně upravené možnosti;
K7;Katastr a zeměměřictví;Právní účinky zápisu do katastru nemovitostí vznikají na základě pravomocného rozhodnutí o jeho povolení;k okamžiku, kdy návrh na zápis došel příslušnému katastrálnímu úřadu;až k datu, kdy úřad vyhotoví výpis z katastru;teprve dnem fyzického převzetí nemovitosti nabyvatelem;vždy až dnem následujícím po nabytí právní moci rozhodnutí;§ 10 katastrálního zákona;30;81;reviewed;individuálně upravené možnosti;
K8;Katastr a zeměměřictví;Účastníkem vkladového řízení je;ten, jehož právo vzniká, mění se nebo se rozšiřuje, a ten, jehož právo zaniká, mění se nebo se omezuje;pouze stavební úřad, který vydal stavební povolení;"výhradně osoba, jejíž právo vzniká; zánik nebo omezení práv se neřeší";jen osoba, která není změnou zapisovaného práva vůbec dotčena;§ 13 katastrálního zákona;30;81;reviewed;individuálně upravené možnosti;
K9;Katastr a zeměměřictví;Vklad lze povolit nejdříve po uplynutí;20 dnů ode dne odeslání informace o vyznačení plomby;15 dnů ode dne odeslání informace o vyznačení plomby;25 dnů ode dne odeslání informace o vyznačení plomby;30 dnů ode dne odeslání informace o vyznačení plomby;§ 18 odst. 1 katastrálního zákona;30;81;reviewed;individuálně zkontrolované možnosti;
K10;Katastr a zeměměřictví;Proti rozhodnutí, kterým se vklad povoluje;není přípustný žádný opravný prostředek, přezkumné řízení, obnova řízení ani žaloba podle ustanovení občanského soudního řádu;je vždy přípustné běžné odvolání ke krajskému úřadu;je bez omezení přípustná obnova řízení a přezkum rozhodnutí o povolení vkladu;lze podat žalobu podle občanského soudního řádu stejně jako při zamítnutí vkladu;§ 18 odst. 4 katastrálního zákona;30;81;reviewed;individuálně upravené možnosti;
K11;Katastr a zeměměřictví;Proti rozhodnutí o zamítnutí vkladu;je přípustná žaloba podle ustanovení občanského soudního řádu, která musí být podána ve lhůtě 30 dnů ode dne doručení rozhodnutí;je přípustná žaloba podle ustanovení občanského soudního řádu, která musí být podána ve lhůtě 22 dnů ode dne doručení rozhodnutí;je přípustná žaloba podle ustanovení občanského soudního řádu, která musí být podána ve lhůtě 38 dnů ode dne doručení rozhodnutí;je přípustná žaloba podle ustanovení občanského soudního řádu, která musí být podána ve lhůtě 45 dnů ode dne doručení rozhodnutí;§ 18 odst. 5 katastrálního zákona;30;81;reviewed;individuálně zkontrolované možnosti;
K12;Katastr a zeměměřictví;Geometrický plán je;technický podklad pro vyhotovování listin, na základě, kterých má dojít ke změnám v souboru geodetických informací a v souboru popisných informací;jen neformální nákres bez vazby na změny geodetických a popisných údajů;pouze plán údržby stavby bez vymezení nemovitostí;výhradně náhrada územního plánu obce;§ 2 písm. j) katastrálního zákona;30;81;reviewed;individuálně upravené možnosti;
K13;Katastr a zeměměřictví;Geometrický plán je neoddělitelnou součástí listiny, podle které má být proveden zápis do katastru nemovitostí,;je-li třeba předmět zápisu zobrazit do katastrální mapy, má-li být zpřesněno jeho geometrické a polohové určení nebo byl-li průběh hranice určen soudem;vždy, i když není třeba nic zobrazit ani zpřesnit v katastrální mapě;nikdy, ani má-li se předmět zápisu zobrazit do katastrální mapy;jen tehdy, je-li ve věci současně vydáno kolaudační rozhodnutí;§ 48 odst. 1 katastrálního zákona;30;81;reviewed;individuálně upravené možnosti;
K14;Katastr a zeměměřictví;Záznamem se do katastru nemovitostí zapisují;práva odvozená od vlastnického práva;výhradně nově vznikající vlastnické právo namísto odvozených práv;jen čísla popisná budov bez zápisu práv;pouze všechny návrhy na vklad ještě před rozhodnutím o nich;§ 6 katastrálního zákona;31;82;reviewed;individuálně upravené možnosti;
K15;Katastr a zeměměřictví;Poznámka;je zápis do katastru nemovitostí, kterým se zapisují významné informace týkající se evidovaných nemovitostí nebo v katastru nemovitostí zapsaných vlastníků a jiných oprávněných;výhradně nová parcela vymezená geometrickým plánem;jen technický výkres stavby bez informací o evidovaných nemovitostech;pouze bezvýznamná interní zpráva, která se do katastru nezapisuje;§ 6 katastrálního zákona;31;82;reviewed;individuálně upravené možnosti;
K16;Katastr a zeměměřictví;Obnovu katastrálního operátu lze provést;novým mapováním, přepracováním souboru geodetických informací nebo na podkladě výsledků pozemkových úprav;výhradně ústním sdělením vlastníka bez změn geodetických informací;pouze kolaudací nové budovy bez obnovy souboru údajů;jen náhodným přepisem hranic parcel bez mapování či pozemkových úprav;§ 40 odst. 1 katastrálního zákona;31;82;reviewed;individuálně upravené možnosti;
K17;Katastr a zeměměřictví;Závazné údaje katastru nemovitostí pro právní jednání týkající se nemovitostí vedených v katastru nemovitostí jsou;parcelní číslo, geometrické určení nemovitosti, název a geometrické určení katastrálního území;jen jméno vlastníka bez parcelního čísla a geometrického určení;výhradně adresa stavby bez vymezení katastrálního území;pouze orientační výměra bez čísla parcely a určení území;§ 51 katastrálního zákona;31;82;reviewed;individuálně upravené možnosti;
K18;Katastr a zeměměřictví;Katastr nemovitostí;je veřejný;je ze zákona zcela neveřejný;smí do něj nahlížet výhradně katastrální úředník;přístup k němu mají jen vlastníci pozemků uvedených v katastru;§ 1 odst. 1 a § 52 katastrálního zákona;31;82;reviewed;individuálně upravené možnosti;
K19;Katastr a zeměměřictví;Získávat údaje z katastru nemovitostí formou nahlížení nelze;z přehledu vlastnictví z území České republiky, ze sbírky listin a o dosažených cenách nemovitostí;do údajů o parcelním čísle na běžném listu vlastnictví;do katastrální mapy při běžném nahlížení;do údajů o druhu pozemku dostupných při běžném nahlížení;§ 52 odst. 2 katastrálního zákona;31;82;reviewed;individuálně upravené možnosti;
K20;Katastr a zeměměřictví;Poskytování údajů ze sbírky listin katastru nemovitostí či pozemkové knihy;lze poskytnout pouze osobě, která prokáže svoji totožnost;lze poskytnout zcela anonymně bez prokázání totožnosti;je vždy vyloučeno i pro osobu, která prokáže totožnost;je možné pouze na základě souhlasu vlastníka každé sousední parcely;§ 52 odst. 4 katastrálního zákona;31;82;reviewed;individuálně upravené možnosti;
K21;Katastr a zeměměřictví;Dálkový přístup k údajům katastru nemovitostí vedeným v elektronické podobě může získat za úplatu;každý, kdo si písemně požádá o zřízení dálkového přístupu;výhradně vlastník nemovitosti, nikoli jiný žadatel;pouze stavební úřad bez možnosti přístupu dalších osob;"nikdo; dálkový přístup ke katastru vůbec neexistuje";§ 55 odst. 3 katastrálního zákona;31;82;reviewed;individuálně upravené možnosti;
K22;Katastr a zeměměřictví;Zeměměřické činnosti jsou oprávněny vykonávat pouze;odborně způsobilé osoby, kterými jsou osoby s ukončeným středoškolským nebo vysokoškolským vzděláním zeměměřického směru;kdokoli bez zeměměřického vzdělání a bez odborné způsobilosti;pouze zaměstnanci katastrálního úřadu bez ohledu na vzdělání;jen osoby s technickým vzděláním libovolného směru bez zeměměřické kvalifikace;§ 3 odst. 3 a 4 zákona č. 200/1994 Sb.;31;82;reviewed;individuálně upravené možnosti;
K23;Katastr a zeměměřictví;Při výkonu zeměměřických činností se smí;vstupovat a vjíždět na pozemky po předchozím oznámení vlastníkovi nebo oprávněnému uživateli pozemků, vstupovat do staveb jen se souhlasem vlastníka nebo oprávněného uživatele stavby;vstupovat bez oznámení na jakýkoli pozemek a do libovolné stavby bez souhlasu;vjíždět na cizí pozemek bez oznámení a bez ohledu na práva uživatele;vstupovat do stavby jen po oznámení sousedovi, bez souhlasu vlastníka či uživatele stavby;§ 7 odst. 1 zákona č. 200/1994 Sb.;31;82;reviewed;individuálně upravené možnosti;
K24;Katastr a zeměměřictví;Výsledky zeměměřických činností ve výstavbě musí být ověřeny autorizovaným zeměměřickým inženýrem v případě, že se jedná o;geodetický podklad pro výstavbu, dokumentaci o vytyčovací síti, dokumentaci o vytyčení prostorové polohy, rozměru a tvaru stavby pro účely výstavby a o dohledu na dodržování její prostorové polohy a geodetickou část dokumentace skutečného provedení stavby;výhradně administrativní faktury za geodetické služby bez geodetických výsledků;jen neověřené poznámky o nákupu měřicího přístroje;pouze projekty nesouvisející s polohou ani skutečným provedením stavby;§ 12 odst. 2 zákona č. 200/1994 Sb.;31;82;reviewed;individuálně upravené možnosti;
K25;Katastr a zeměměřictví;Výsledky zeměměřických činností vyhotovené orgány zeměměřictví a katastru jako součást výkonu jejich působnosti musí být ověřeny;orgány zeměměřictví a katastru;automaticky libovolným vlastníkem pozemku bez zeměměřického orgánu;výhradně každým stavebním podnikatelem po dokončení díla;jen soukromým znalcem bez účasti orgánu zeměměřictví a katastru;§ 12 odst., 3 zákona č. 200/1994 Sb.;31;82;reviewed;individuálně upravené možnosti;
K26;Katastr a zeměměřictví;Autorizovaný zeměměřický inženýr je ten,;komu byla Českou komorou zeměměřičů udělena autorizace a je zapsán v rejstříku autorizovaných zeměměřických inženýrů vedeném touto komorou;kdokoli, kdo vykonává zeměměřické činnosti bez udělení autorizace Komorou;osoba nezapsaná v rejstříku autorizovaných zeměměřických inženýrů;výhradně zaměstnanec stavebního úřadu bez autorizace;§ 16e odst. 1 zákona č. 200/1994 Sb.;31;82;reviewed;individuálně upravené možnosti;
K27;Katastr a zeměměřictví;Česká komora zeměměřičů uděluje autorizaci též pro ověřování;výsledků zeměměřických činností využívaných pro vedení digitální technické mapy a ve výstavbě;výhradně výsledků účetních činností, nikoli zeměměřických;pouze výsledků měření, které neslouží digitální technické mapě ani výstavbě;jen stavebních deníků bez jakýchkoli zeměměřických výsledků;§ 16f odst. 1 písm. c) zákona č. 200/1994 Sb.;32;83;reviewed;individuálně upravené možnosti;
M1;Vodní díla;Považují se za vodní díla vodovodní a kanalizační přípojky?;nepovažují;Ano, obě přípojky jsou vodním dílem bez výjimky;Ano, vodovodní přípojka je vždy vodním dílem;Ano, kanalizační přípojka je vždy vodním dílem;§ 55 odst. 3 vodního zákona;32;83;reviewed;individuálně upravené možnosti;
M2;Vodní díla;Je pitná voda ve vodovodu pro veřejnou potřebu součástí této stavby?;není;Ano, pitná voda se stává součástí stavby okamžikem úpravy ve vodárně;Ano, stává se součástí vodovodu při vstupu do veřejné rozvodné sítě;Ano, je neoddělitelnou součástí potrubí vodovodu;§ 55 odst. 1 písm. c) vodního zákona;32;83;reviewed;individuálně upravené možnosti;
M3;Vodní díla;Platí povinnost investora žádat o vyjádření vodoprávního úřadu ke každému záměru, který může ovlivnit vodní poměry?;Ne;Ano, vždy ke každému takovému záměru bez výjimky;Ano, o vyjádření musí žádat i při záměru, který vodní poměry ovlivnit nemůže;Ano, investor musí požádat vodoprávní úřad o vyjádření před každou údržbou jakékoli stavby;§ 18 vodního zákona;32;83;reviewed;individuálně upravené možnosti;
M4;Vodní díla;Co se rozumí stavbami k vodohospodářským melioracím pozemků?;stavby k závlaze a odvodnění pozemků, popř. k ochraně pozemků před erozní činností vody;výlučně stavby k výrobě pitné vody a úpravě odpadních vod;stavby sloužící jen k plavbě lodí a údržbě přístavů;pouze stavby přehradních hrází pro výrobu elektřiny;§ 56 odst. 1 vodního zákona;32;83;reviewed;individuálně upravené možnosti;
M7;Vodní díla;Co je vodní dílo?;stavba zřízená k účelům sledovaným vodním zákonem;jen vodní nádrže a přehrady, nikoli ostatní stavby zřízené k účelům vodního zákona;jakákoli stavba stojící blízko vody bez ohledu na svůj účel;každé podzemní vedení energií, které kříží vodní tok;§ 55 odst. 1 vodního zákona;32;83;reviewed;individuálně upravené možnosti;
M8;Vodní díla;Co jsou vodohospodářské úpravy?;zemní práce a změny terénu v přirozených korytech vodních toků a na pozemcích s nimi sousedících, pokud se jimi přirozená koryta vodních toků podstatně mění;pouze vybudování vodovodních přípojek k rodinným domům;pouze úpravy vnitřních vodovodů ve stávajících budovách;jen odvodnění střech bez zásahu do přirozeného koryta;§ 55 odst. 2 vodního zákona;32;83;reviewed;individuálně upravené možnosti;
M9;Vodní díla;Ochranná pásma vodovodních řadů a kanalizačních stok do průměru 500 mm činí na každou stranu od jejich vnějšího líce;1,5 m;2,5 m;3,5 m;0,5 m;§ 23 odst. 3 zákona o vodovodech a kanalizacích;32;83;reviewed;individuálně zkontrolované možnosti;
M10;Vodní díla;Ochranná pásma vodovodních řadů a kanalizačních stok s průměrem nad 500 mm činí na každou stranu od jejich vnějšího líce;2,5 m;3,5 m;4,5 m;1,5 m;§ 23 odst. 3 zákona o vodovodech a kanalizacích;32;83;reviewed;individuálně zkontrolované možnosti;
M11;Vodní díla;Kdo pořizuje vodovodní nebo kanalizační přípojky?;odběratel na své náklady, není-li dohodnuto jinak;výhradně vlastník veřejného vodovodu na své náklady bez možnosti jiné dohody;výhradně obec na své náklady bez možnosti jiné dohody;odběratel na náklady vlastníka sousední nemovitosti bez možnosti jiné dohody;§ 3 odst. 6 zákona o vodovodech a kanalizacích;32;83;reviewed;individuálně upravené možnosti;
M12;Vodní díla;Při provádění staveb, jejichž charakter a účel užívání vyžaduje jejich zásobování vodou, má povinnost zajistit jejich zásobování vodou a zneškodňování odpadních vod z nich;stavebník takové stavby;vždy projektant této stavby ze svých prostředků;vždy vlastník nejbližšího vodovodu bez ohledu na kapacitu sítě;vždy vodoprávní úřad namísto stavebníka;§ 5 odst. 3 vodního zákona;32;83;reviewed;individuálně upravené možnosti;
M16;Vodní díla;Kdy musí mít stavebník stanovisko správce povodí před povolením záměru?;k vodním dílům s výjimkou domovních studní a čistíren odpadních vod pro potřeby jednotlivých osob (domácností);u každé stavby bez ohledu na vztah k vodním dílům;výhradně u domovní studny pro potřeby jedné domácnosti, nikoli u jiných vodních děl;jen u drobných staveb, které nejsou vodním dílem;§ 55a odst. 1 vodního zákona;32;83;reviewed;individuálně upravené možnosti;
M17;Vodní díla;Může být vodní dílo umístěno jen v zastavěném nebo zastavitelném území;Ne, může být umístěno i v nezastavěném území, pokud to územně plánovací dokumentace výslovně nevylučuje;Ano, vodní dílo smí být vždy pouze v zastavěném území;Ano, připouští se jen v území zastavitelném;Ne, v nezastavěném území může být umístěno i tam, kde to územně plánovací dokumentace výslovně vylučuje;""" § 122 odst. 1 a 3 zákona č. 283/2021 Sb., stavební zákon""";32;83;reviewed;individuálně upravené možnosti;
M18;Vodní díla;Vlastník nebo provozovatel vodovodu nebo kanalizace pro veřejnou potřebu je povinen umožnit připojení stavby na ně,;pokud připojení umožňují kapacitní a technické možnosti;vždy i tehdy, když technická kapacita sítě připojení neumožňuje;jen pokud přípojku na své náklady postaví vlastník vodovodu;výhradně na základě vlastního uvážení provozovatele bez ohledu na kapacitní možnosti;§ 8 odst. 5 zákona o vodovodech a kanalizacích;32;83;reviewed;individuálně upravené možnosti;
M19;Vodní díla;V ochranném pásmu vodovodního řadu lze provádět zemní práce, stavby a provádět činnosti, které omezují přístup k řadu;jen s písemným souhlasem vlastníka (příp. provozovatele);bez souhlasu vlastníka nebo provozovatele, je-li stavba ohlášena obci;jen se souhlasem dodavatele vody bez ohledu na stanovisko vlastníka a provozovatele řadu;zcela volně, protože ochranné pásmo nemá vliv na zemní práce;§ 23 odst. 4 zákona o vodovodech a kanalizacích;33;84;reviewed;individuálně upravené možnosti;
M20;Vodní díla;Kanalizační řády;stanoví nejvyšší míru znečištění odpadních vod do kanalizace vypouštěných, popř. jejich nejvyšší přípustné množství a další podmínky jejich provozu. Vlastník kanalizace předkládá návrh tohoto řádu ke schválení vodoprávnímu orgánu před podáním žádosti o kolaudaci k této kanalizaci;upravují pouze barvu a označení potrubí bez limitů vypouštěných odpadních vod;schvalují vlastníci jednotlivých přípojek bez účasti vodoprávního orgánu;stanoví jen cenu za stočné, nikoli podmínky vypouštění do kanalizace;§ 14 odst. 3 a 4 zákona o vodovodech a kanalizacích;33;84;reviewed;individuálně upravené možnosti;
N2;Geologie a horní právo;Právo vstupu na cizí pozemky za účelem provádění geologických prací se zásahem do tohoto pozemku vzniká;písemnou dohodou s vlastníkem nebo nájemcem pozemku, popř. rozhodnutím příslušného krajského úřadu o omezení vlastnických práv vlastníka nebo nájemce nemovitosti uložením povinnosti strpět provedení geologických prací;pouze ústní dohodou s vlastníkem pozemku bez dalších podkladů;samotným rozhodnutím organizace provádějící průzkum bez dohody a bez zásahu úřadu;automaticky udělením stavebního povolení pro sousední stavbu bez dohody a bez rozhodnutí krajského úřadu;§ 14 odst. 1 a 2 zákona o geologických pracích;33;84;reviewed;individuálně upravené možnosti;
N3;Geologie a horní právo;Pozemky dotčené provedením geologických prací spojených se zásahem do pozemku, popřípadě s vyznačením a uchováváním výzkumných a průzkumných děl, je organizace po ukončení prací povinna;neprodleně po ukončení prací uvést do předešlého stavu, popř. pozemky po dohodě s vlastníkem rekultivovat;ponechat ve stavu po průzkumu bez ohledu na vlastníka pozemku;rekultivovat jen tehdy, nařídí-li jí to odběratel výsledků průzkumu;"odstranit pouze vrtnou soupravu; uvedení dotčeného pozemku do předešlého stavu se nevyžaduje";§ 16 odst. 2 zákona o geologických pracích;33;84;reviewed;individuálně upravené možnosti;
N4;Geologie a horní právo;Jaký projekt geologických prací (včetně jeho změn) je organizace povinna zaslat krajskému úřadu k vyjádření z hlediska zájmů chráněných zvláštními právními předpisy?;projekt geologických prací a jeho změny obsahující strojní vrtné práce hlubší než 30 m nebo strojní vrtné práce, jejichž celková délka přesahuje 100 m;projekt obsahující strojní vrty hlubší než 10 m nebo souhrnně delší než 50 m;projekt obsahující jen ruční kopané sondy bez jakýchkoli strojních vrtů;projekt obsahující strojní vrty hlubší než 50 m nebo souhrnně delší než 200 m;§ 6 odst. 3 zákona o geologických pracích;33;84;reviewed;individuálně upravené možnosti;
N5;Geologie a horní právo;Jaké je členění ložisek nerostů podle horního zákona?;výhradní ložiska, ložiska strategického významu, ložiska nevyhrazených nerostů;pouze výhradní ložiska a ložiska strategického významu;výlučně ložiska vyhrazených a nevyhrazených stavebních výrobků;ložiska povrchová, podpovrchová a vodní bez dalších kategorií;§ 4, § 6, § 6a a § 7 horního zákona;33;84;reviewed;individuálně upravené možnosti;
N6;Geologie a horní právo;Komu náleží ložisko nevyhrazených nerostů?;vlastníku pozemku, jehož je ložisko součástí;výhradně státu bez ohledu na vlastnictví pozemku;vždy obci, na jejímž území se nachází;automaticky organizaci, která ložisko poprvé objeví;§ 7 horního zákona;33;84;reviewed;individuálně upravené možnosti;
N7;Geologie a horní právo;Jak projektanti územně plánovací dokumentace zabezpečí ochranu nerostného bohatství při územně plánovací činnosti podle zákona č. 44/1988 Sb., o ochraně a využití nerostného bohatství (horní zákon)?;vychází z podkladů o zjištěných a předpokládaných ložiskách a navrhnou řešení, které je z hlediska ochrany a využití nerostného bohatství nejvýhodnější;nezohlední žádná dosud zjištěná ložiska nerostů;při návrhu řešení vycházejí jen ze seznamu stavebních povolení bez podkladů o ložiscích;volí řešení pro využití nerostného bohatství nejméně výhodné, i když mají k dispozici podklady o ložiscích;§ 15 horního zákona;33;84;reviewed;individuálně upravené možnosti;
N9;Geologie a horní právo;Orgán státní báňské správy povoluje;důlní díla a důlní stavby pod povrchem;pouze povrchové stavby pro bydlení bez jakékoli souvislosti s důlními díly;pouze územní plány obcí namísto příslušných orgánů;výhradně vodovodní přípojky na soukromých pozemcích;§ 23 odst. 1 horního zákona;33;84;reviewed;individuálně upravené možnosti;
N11;Geologie a horní právo;Co spadá do činnosti prováděné hornickým způsobem?;činnosti taxativně vyjmenované v zákoně o hornické činnosti, výbušninách a o státní báňské správě, například vrty hlubší než 30 m, zajištění stability podzemních prostor, zpřístupňování jeskyní, hloubení důlních jam a studní, ražení štol a tunelů, těžba písku v korytech vodních toků;jen běžné malování stěn a pokládku podlah v nadzemních stavbách;výhradně montáž nadzemního elektrického vedení bez zásahu pod zem;jen údržbu bytového fondu, která nemá žádný vztah k podzemním pracím;§ 3 zákona č. 61/1988 Sb.;33;84;reviewed;individuálně upravené možnosti;
N12;Geologie a horní právo;Kdo je oprávněn realizovat činnost prováděnou hornickým způsobem?;fyzická nebo právnická osoba, která získala osvědčení o odborné způsobilosti od příslušného obvodního báňského úřadu;kdokoli na základě ústního pověření stavebníka bez osvědčení odborné způsobilosti;pouze vlastník pozemku bez prokázání odborné způsobilosti;každý zhotovitel běžných nadzemních staveb bez ohledu na osvědčení báňského úřadu;§ 5 odst. 2 a § 3a zákona č. 61/1988 Sb.;33;84;reviewed;individuálně upravené možnosti;
N13;Geologie a horní právo;Co jsou to podzemní objekty podle zákona o hornické činnosti, výbušninách a o státní báňské správě?;například tunely a štoly metra, tunely a štoly, pokud jejich délka přesahuje 50 m, kanalizační stoky o světlém průřezu větším než 2 m², pokud jejich délka přesahuje 50 m;pouze nadzemní haly metra a železniční stanice;každá povrchová kanalizační přípojka libovolné délky a průřezu;výhradně obytné budovy postavené nad podzemní dráhou;§ 37 odst. 1 zákona č. 61/1988 Sb.;33;84;reviewed;individuálně upravené možnosti;
N14;Geologie a horní právo;Co se považuje za bezpečný stav podzemního objektu podle zákona o hornické činnosti, výbušninách a o státní báňské správě?;stav, který neohrožuje bezpečnost pádem nebo tlakem hornin, popř. obdobnými vlivy, které mohou narušit statiku podzemních prostor;stav, při němž hrozí pád hornin do podzemního prostoru;stav, kdy tlak hornin narušuje statiku podzemního objektu;stav, při němž není sledována stabilita prostoru a je již ohrožena bezpečnost;§ 37 odst. 3 zákona č. 61/1988 Sb.;34;85;reviewed;individuálně upravené možnosti;
N15;Geologie a horní právo;Kdo může podle zákona o hornické činnosti, výbušninách a o státní báňské správě projektovat podzemní práce sloužící k zajištění stability podzemních prostorů, práce na zpřístupňování jeskyní, práce na zpřístupnění starých důlních děl či práce spočívající v hloubení studní, ražení štol a tunelů?;báňský projektant;kdokoli s živnostenským oprávněním k běžným pozemním stavbám bez báňské kvalifikace;pouze geodet provádějící vytýčení hranic pozemku;výhradně vlastník pozemku bez požadavku na odbornou způsobilost;§ 5b zákona č. 61/1988 Sb.;34;85;reviewed;individuálně upravené možnosti;
N16;Geologie a horní právo;Kdo je odborný znalec pro posuzování stability podzemních objektů a dalších prostor vytvářených činností prováděnou hornickým způsobem podle § 3 písm. i) zákona o hornické činnosti?;osoba ustanovená Českým báňským úřadem;každý zaměstnanec stavební firmy bez ustanovení Českým báňským úřadem;výhradně správce katastru nemovitostí;pouze vlastník dotčeného pozemku bez ustanovení úřadem;§ 5c zákona č. 61/1988 Sb.;34;85;reviewed;individuálně upravené možnosti;
N17;Geologie a horní právo;Podmínky pro projektování a umísťování staveb určených k výrobě, zpracování a skladování výbušnin stanoví;prováděcí vyhlášky Českého báňského úřadu k zákonu o hornické činnosti;výhradně místní vyhlášky jednotlivých obcí bez vazby na hornické předpisy;pouze interní technický předpis výrobce výbušnin;libovolná dohoda mezi stavebníkem a zhotovitelem bez právních předpisů;§ 22 odst. 6 zákona č. 61/1988 Sb.;34;85;reviewed;individuálně upravené možnosti;
N18;Geologie a horní právo;Za podzemní dílo se podle báňských právních předpisů;mimo jiné považuje i velkoprůměrový vrt nebo protlak, pokud se v nich mohou zdržovat osoby. Za podzemní dílo se považuje podzemní stavba i mělce uložená podzemní liniová stavba, zejména ražená kanalizace a kolektor;výlučně nadzemní stavba, v níž se žádné osoby zdržovat nemohou;každé libovolně úzké potrubí, kterým osoby nemohou projít;pouze povrchové parkoviště umístěné nad raženým kolektorem;§ 2 odst. 2 písm. a) vyhlášky ČBÚ č. 55/1996 Sb.;34;85;reviewed;individuálně upravené možnosti;
N20;Geologie a horní právo;Podkladem pro vypracování projektu podzemního díla je;geologický a inženýrskogeologický průzkum.Součástí projektu musí být mimo jiné riziková analýza faktorů ovlivňujících bezpečnost provádění díla a objektů v dosahu možného ovlivnění na základě celkového vyhodnocení výsledků geologického a inženýrskogeologického průzkumu;výlučně rozpočet stavby bez geologického a inženýrskogeologického průzkumu;jen stavební deník a finanční plán bez analýzy rizik;"výhradně plán dopravy materiálu; geologický průzkum se do projektu nezahrnuje";§ 16a odst. 2 a 3 vyhlášky ČBÚ č. 55/1996 Sb.;34;85;reviewed;individuálně upravené možnosti;
N21;Geologie a horní právo;Vedení podzemního díla je dovoleno;je-li zpracována a doplňována geologická a inženýrskogeologická dokumentace, která zajišťuje potřebné informace o poměrech, ve kterých má být dílo bezpečně vedeno. Inženýrskogeologická dokumentace obsahuje mimo jiné údaje i o okolí podzemního díla do vzdálenosti jeho možného ovlivnění;i bez geologické a inženýrskogeologické dokumentace;pouze s fakturou za stavební materiál bez dokumentace geologických poměrů;i když dokumentace neposkytuje žádné údaje o okolí podzemního díla v dosahu možného ovlivnění;§ 17 odst. 1 a 3 vyhlášky ČBÚ č. 55/1996 Sb.;34;85;reviewed;individuálně upravené možnosti;
O1;Energetický zákon;Co je elektrizační soustava ČR?;vzájemně propojený soubor zařízení pro výrobu, přenos, transformaci a distribuci elektřiny, a to na území České republiky;soubor zařízení výhradně pro obchodování s elektřinou bez výroby a přenosu;izolovaná elektrická instalace jediné budovy bez propojení s elektrizační soustavou;vzájemně propojený soubor zařízení pro výrobu, přepravu a skladování zemního plynu;§2 odst. 2, písm. a) bod 4 zákona č. 458/2000 Sb.;34;85;reviewed;individuálně upravené možnosti;
O2;Energetický zákon;Co je přenosová soustava?;vzájemně propojený soubor vedení a zařízení 400 kV, 220 kV a vybraných vedení a zařízení 110 kV;soubor vedení 22 kV a 35 kV určený jen k místní distribuci;soubor výhradně domovních vedení 0,4 kV;soubor vedení 400 kV, 220 kV a všech vedení 110 kV bez rozdílu;§2 odst. 2, písm. a) bod 10 zákona č. 458/2000 Sb.;34;85;reviewed;individuálně upravené možnosti;
O3;Energetický zákon;Co je distribuční soustava v elektroenergetice?;vzájemně propojený soubor vedení a zařízení o napětí 110 kV (s výjimkou těch, která jsou součástí přenosové soustavy), a vedení a zařízení o napětí v rozsahu 0,4/0,23 kV až 35 kV provozovaný na vymezeném území ČR;výhradně soubor zařízení 400 kV a 220 kV určených k přenosu na celém území ČR;pouze domovní elektroinstalace za elektroměrem bez veřejných vedení;soubor všech vedení 110 kV včetně těch, která jsou součástí přenosové soustavy, bez nižších napěťových hladin;§2 odst. 2, písm. a) bod 1 zákona č. 458/2000 Sb.;34;85;reviewed;individuálně upravené možnosti;
O4;Energetický zákon;Co je odběrné místo v elektroenergetice?;místo, které je připojeno k přenosové nebo k distribuční soustavě a kde je instalováno odběrné elektrické zařízení jednoho zákazníka, v němž dochází ke spotřebě elektřiny;místo spotřeby plynu s měřením plynoměrem;elektrická výrobna bez připojeného odběrného zařízení zákazníka;jakákoli rozvodna bez spotřeby elektřiny odběrného zařízení zákazníka;§2 odst. 2, písm. a) bod 6 zákona č. 458/2000 Sb.;34;85;reviewed;individuálně upravené možnosti;
O5;Energetický zákon;K čemu je určena elektrická přípojka?;k připojení odběrného elektrického zařízení;výhradně k přepravě plynu mezi kompresními stanicemi;k propojení dvou přenosových soustav různých států;k napájení celé distribuční soustavy bez připojení odběrného zařízení;§2 odst. 2, písm. a) bod 2 zákona č. 458/2000 Sb.;34;85;reviewed;individuálně upravené možnosti;
O6;Energetický zákon;Co je to výrobna elektřiny?;energetické zařízení pro přeměnu různých forem energie na elektřinu;zařízení určené výhradně k měření spotřeby v bytě;zařízení pro skladování zemního plynu bez výroby elektřiny;zařízení sloužící výhradně k distribuci elektřiny vyrobené jinde;§2 odst. 2, písm. a) bod 18 zákona č. 458/2000 Sb.;34;85;reviewed;individuálně upravené možnosti;
O7;Energetický zákon;Jaký je účel ochranného pásma elektrizační soustavy?;zajištění spolehlivého provozu zařízení elektrizační soustavy a k ochraně života, zdraví a majetku osob;výlučně určování ceny elektřiny pro koncové odběratele;pouze ochrana zařízení před konkurencí jiných výrobců;výhradně vymezení obce, do níž lze elektřinu prodávat;§46 odst. 1 zákona č. 458/2000 Sb.;35;86;reviewed;individuálně upravené možnosti;
O8;Energetický zákon;Co označujeme pojmem přeložka zařízení (přenosové nebo distribuční soustavy) v elektroenergetice?;dílčí změna trasy vedení nebo přemístění některých prvků tohoto zařízení;úplná změna způsobu výroby elektřiny v elektrárně bez zásahu do vedení;pouhá změna vlastníka vedení bez změny trasy nebo zařízení;výměna elektroměru u zákazníka bez změny trasy a prvků soustavy;§47 odst. 1 zákona č. 458/2000 Sb.;35;86;reviewed;individuálně upravené možnosti;
O9;Energetický zákon;"Jaký stav se rozumí pod označením ""souběh"" jednotlivých zařízení?";když jedno zařízení zasahuje svým ochranným pásmem do ochranného (popř. bezpečnostního) pásma druhého zařízení;když se ochranná pásma dvou zařízení nikde neprotínají ani nepřekrývají;když mají dvě zařízení stejného provozovatele, ale leží v různých krajích;když se do pásma druhého zařízení promítá pouze samotný smluvní vztah bez prostorového zásahu;§48 odst. 1 zákona č. 458/2000 Sb.;35;86;reviewed;individuálně upravené možnosti;
O10;Energetický zákon;Co je plynárenská soustava?;vzájemně propojený soubor zařízení pro výrobu, přepravu, distribuci a uskladnění plynu;soubor zařízení pouze pro výrobu elektřiny bez přepravy plynu;výhradně jednotlivý domovní plynoměr bez propojených plynárenských zařízení;jen vysokotlaký plynovod bez výroby, distribuce a uskladnění plynu;§2 odst. 2, písm. b) bod 7 zákona č. 458/2000 Sb.;35;86;reviewed;individuálně upravené možnosti;
O11;Energetický zákon;Co je přepravní soustava?;vzájemně propojený soubor vysokotlakých plynovodů a kompresních stanic a souvisejících technologických objektů, propojený s plynárenskými soustavami v zahraničí;výhradně místní nízkotlaké domovní přípojky bez kompresních stanic;soubor vedení vysokého napětí pro přenos elektřiny;izolovaný zásobník plynu bez přepravních plynovodů a zahraničního propojení;§2 odst. 2, písm. b) bod 14 zákona č. 458/2000 Sb.;35;86;reviewed;individuálně upravené možnosti;
O12;Energetický zákon;Co je distribuční soustava v plynárenství?;vzájemně propojený soubor vysokotlakých, středotlakých a nízkotlakých plynovodů, plynovodních přípojek a těžebních plynovodů, který není přímo propojen s kompresními stanicemi;výhradně mezinárodní vysokotlaké plynovody propojené s kompresními stanicemi;pouze domovní odběrná zařízení za hlavním uzávěrem plynu;soubor jen nízkotlakých plynovodů bez středotlakých a vysokotlakých vedení a přípojek;§2 odst. 2, písm. b) bod 1 zákona č. 458/2000 Sb.;35;86;reviewed;individuálně upravené možnosti;
O13;Energetický zákon;Co je odběrné místo v plynárenství?;místo, kde je instalováno odběrné plynové zařízení jednoho zákazníka, do něhož se uskutečňuje dodávka plynu měřená měřicím zařízením;místo připojení elektrického zařízení zákazníka s elektroměrem;libovolná kompresní stanice bez dodávky plynu zákazníkovi;sklad plynu bez odběrného zařízení jednoho zákazníka;§2 odst. 2, písm. b) bod 4 zákona č. 458/2000 Sb.;35;86;reviewed;individuálně upravené možnosti;
O14;Energetický zákon;Co je odběrné plynové zařízení?;"veškerá zařízení počínaje hlavním uzávěrem plynu včetně zařízení pro konečné využití plynu; není jím měřicí zařízení";jen plynoměr bez zařízení pro konečné využití plynu;jen plynovodní zařízení od odbočení z distribučního plynovodu po hlavní uzávěr;výlučně potrubí před hlavním uzávěrem bez zařízení za uzávěrem;§2 odst. 2, písm. b) bod 5 zákona č. 458/2000 Sb.;35;86;reviewed;individuálně upravené možnosti;
O15;Energetický zákon;Co je výrobna plynu?;zařízení na výrobu, těžbu plynu nebo terminál zkapalněného zemního plynu;pouze domovní plynoměr, který žádný plyn nevyrábí ani netěží;samotný nízkotlaký plynovod bez výroby, těžby a LNG terminálu;pouze odběrné plynové zařízení za hlavním uzávěrem;§2 odst. 2, písm. b) bod 26 zákona č. 458/2000 Sb.;35;86;reviewed;individuálně upravené možnosti;
O16;Energetický zákon;Co je plynovodní přípojka?;plynovodní zařízení, začínající odbočením z plynovodu distribuční soustavy a ukončené před hlavním uzávěrem plynu;plynovodní zařízení začínající za hlavním uzávěrem plynu a končící spotřebičem;část elektrické distribuční soustavy končící elektroměrem;plynovodní zařízení končící až za jednotlivým plynovým spotřebičem v budově;§2 odst. 2, písm. b) bod 11 zákona č. 458/2000 Sb.;35;86;reviewed;individuálně upravené možnosti;
O17;Energetický zákon;Jaký je účel ochranného pásma plynárenských zařízení?;zajištění bezpečného a spolehlivého provozu plynárenských zařízení;pouze stanovení prodejní ceny plynu pro domácnosti;výlučně určování vlastnictví pozemků v okolí plynovodu;jen povinnost skladovat plyn pro domácnosti v nejbližší obci;§68 odst. 1 zákona č. 458/2000 Sb.;35;86;reviewed;individuálně upravené možnosti;
O18;Energetický zákon;Jaký je účel bezpečnostního pásma plynových zařízení?;zamezení nebo zmírnění účinků případných havárií plynových zařízení a k ochraně života, zdraví, bezpečnosti a majetku osob;výlučně stanovení hranic obchodního území distributora plynu;pouze stanovení ceny plynu při havárii zařízení;výhradně ochrana zařízení před neoprávněným měřením bez ohledu na účinky havárií;§69 odst. 1 zákona č. 458/2000 Sb.;35;86;reviewed;individuálně upravené možnosti;
O19;Energetický zákon;Čím je tvořena soustava zásobování tepelnou energií?;vzájemně propojeným zdrojem nebo zdroji tepelné energie a rozvodným tepelným zařízením sloužící pro dodávky tepelné energie pro vytápění, chlazení, ohřev teplé vody a technologické procesy;pouze odběrnými místy bez zdroje tepelné energie a bez rozvodu;výhradně elektrickým vedením bez zdroje a rozvodu tepelné energie;jen samostatným měřičem tepla bez propojení se zdrojem a rozvodným zařízením;§2 odst. 2, písm. c) bod 14 zákona č. 458/2000 Sb.;35;86;reviewed;individuálně upravené možnosti;
O20;Energetický zákon;Co je rozvodné tepelné zařízení?;zařízení pro dopravu tepelné energie tvořené tepelnými sítěmi, předávacími stanicemi a tepelnými přípojkami;jen tepelným spotřebičem uvnitř jednoho bytu bez tepelné sítě;výlučně vodovodním řadem pro dodávku studené vody;pouze domovním plynoměrem bez dopravy tepelné energie;§2 odst. 2, písm. c) bod 11 zákona č. 458/2000 Sb.;35;86;reviewed;individuálně upravené možnosti;
O21;Energetický zákon;Co je odběrné místo?;místo, v němž přechází tepelná energie z vlastnictví dodavatele tepelné energie do vlastnictví odběratele tepelné energie;místo, v němž přechází vlastnictví budovy mezi dodavatelem a odběratelem;pouze místo instalace vodoměru pro studenou vodu;místo, v němž se mění vlastnictví plynu bez dodávky tepelné energie;§2 odst. 2, písm. c) bod 7 zákona č. 458/2000 Sb.;36;87;reviewed;individuálně upravené možnosti;
O22;Energetický zákon;Co je odběrné tepelné zařízení?;zařízení, připojená ke zdroji tepelné energie nebo k rozvodnému tepelnému zařízení a určené pro odběr tepelné energie a spotřebu tepelné energie v objektu nebo jeho části;zařízení určená výhradně k těžbě zemního plynu mimo budovu;zařízení sloužící jen k přepravě elektřiny po vedení 400 kV;pouze samostatný zdroj bez zařízení pro odběr a spotřebu tepla v objektu;§2 odst. 2, písm. c) bod 8 zákona č. 458/2000 Sb.;36;87;reviewed;individuálně upravené možnosti;
O23;Energetický zákon;Co je tepelná přípojka?;část tepelné sítě, která umožňuje dodávku tepelné energie pouze pro jeden objekt;část plynovodu spojující dvě kompresní stanice;část tepelné sítě určená výhradně k dodávce studené vody;část elektrické přenosové soustavy, která zajišťuje napájení jedné rozvodny;§2 odst. 2, písm. c) bod 15 zákona č. 458/2000 Sb.;36;87;reviewed;individuálně upravené možnosti;
O24;Energetický zákon;Jaký je účel ochranného pásma zařízení na výrobu či rozvod tepelné energie?;zajištění spolehlivého provozu zařízení pro výrobu či rozvod tepelné energie a ochraně života, zdraví, bezpečnosti a majetku osob;výhradně tvorba cen za tepelnou energii;pouze stanovení umístění reklamního označení dodavatele tepla;jen evidence vlastnictví teplovodu bez ochrany provozu a osob;§87 odst. 1 zákona č. 458/2000 Sb.;36;87;reviewed;individuálně upravené možnosti;
O25;Energetický zákon;Co se rozumí pod pojmem energetická infrastruktura?;stavby a zařízení elektrizační soustavy, plynárenské soustavy, soustavy zásobování tepelnou energií, stavby pro energetickou bezpečnost nebo stavby a zařízení ropovodů a produktovodů zřizované a provozované ve veřejném zájmu, dobíjecí stanice, vodíkové čerpací stanice nebo čerpací stanice na zkapalněný metan a stavby související s těmito stavbami a zařízeními;pouze dobíjecí stanice bez elektrizační, plynárenské a tepelné soustavy;výlučně obytné budovy bez zařízení pro výrobu či rozvod energie;pouze silnice a železnice bez jakýchkoli energetických zařízení;§ 1 odst. 4 zákona č. 416/2009 Sb.;36;87;reviewed;individuálně upravené možnosti;
O26;Energetický zákon;Stavbou pro energetickou bezpečnost je označována stavba:;"stavba v areálu jaderného zařízení, jehož součástí je jaderný reaktor, využívaný pro energetické účely; nebo stavba (uvnitř i vně areálu jaderného zařízení) související s výstavbou, uváděním do provozu, provozem, prováděním změn nebo údržbou stavby s jaderným reaktorem";každá běžná obytná budova bez vztahu k jadernému zařízení;výlučně čerpací stanice paliva bez vztahu k jadernému reaktoru;pouze stavba v areálu jaderného zařízení s reaktorem určeným výhradně pro neenergetické účely;§ 1 odst. 5 zákona č. 416/2009 Sb.;36;87;reviewed;individuálně upravené možnosti;
O27;Energetický zákon;Co se rozumí pod pojmem kritická infrastruktura?;prvek, popř. systém prvků, jehož narušení funkce by mělo závažný dopad na bezpečnost státu, zabezpečení základních životních potřeb obyvatelstva, zdraví osob nebo ekonomiku státu;libovolný prvek bez dopadu na bezpečnost státu, základní životní potřeby, zdraví či ekonomiku;pouze zařízení sloužící reklamě bez dopadu na základní funkce státu;výhradně každá soukromá stavba bez ohledu na dopad narušení její funkce;§ 2 písm. g) zákona č. 240/2000 Sb.;36;87;reviewed;individuálně upravené možnosti;
O28;Energetický zákon;Za jakých podmínek jsou výrobny el. energie prvky kritické infrastruktury?;výrobna s celkovým instalovaným elektrickým výkonem nejméně 500 MW, popř. 100 MW, pokud poskytuje podpůrné služby;výrobna 500 MW bez podpůrných služeb se za prvek nikdy nepovažuje;výrobna 100 MW s podpůrnými službami se za prvek nikdy nepovažuje;výrobna 100 MW bez podpůrných služeb je vždy prvkem kritické infrastruktury;odst. I, písm. A.1 přílohy k NV č. 432/2010 Sb.;36;87;reviewed;individuálně upravené možnosti;
O29;Energetický zákon;Jaké prvky elektroenergetické distribuční soustavy jsou zařazeny do kritické infrastruktury?;technický dispečink provozovatele distribuční soustavy, elektrické stanice distribuční soustavy a vedení o napětí 110 kV (stanice typu 110/10 kV, 110/22 kV a 110/35 kV a k nim patřící vedení se posuzují podle jejich strategického významu v distribuční soustavě);výhradně jednotlivé domovní zásuvky a vypínače bez distribučních vedení;pouze soukromé fotovoltaické články na střeše bez distribuční soustavy;všechna vedení 110 kV bez ohledu na strategický význam posuzovaných stanic a jejich vedení;odst. I, písm. A.3 přílohy k NV č. 432/2010 Sb.;36;87;reviewed;individuálně upravené možnosti;
O30;Energetický zákon;Jaké prvky přepravní soustavy jsou zařazeny do kritické infrastruktury?;vysokotlaký tranzitní plynovod se jmenovitým průměrem nejméně 700 mm, vysokotlaký vnitrostátní plynovod se jmenovitým průměrem rovným nebo menším než 700 mm, kompresorová stanice, předávací stanice, technický dispečink;pouze koncové domovní plynoměry bez tranzitních plynovodů a kompresních stanic;výhradně vodovodní přípojky bez přepravy plynu;výlučně jednotlivé plynové spotřebiče v domácnostech bez technického dispečinku a přepravních zařízení;odst. I, písm. B.1 přílohy k NV č. 432/2010 Sb.;36;87;reviewed;individuálně upravené možnosti;
O31;Energetický zákon;Jaké prvky soustavy zásobování tepelnou energií jsou zařazeny do kritické infrastruktury?;výrobna s celkovým instalovaným výkonem nejméně 200 MW, vyvedení tepelného výkonu ze zdroje výroby tepla, dispečink výrobce tepla, soustava zásobování tepelnou energií s výkonem nejméně 500 MW, technický dispečink provozovatele distribuční soustavy;výlučně bytové radiátory bez výrobny a soustavy zásobování tepelnou energií;pouze soukromé kotle o výkonu 5 kW bez tepelné soustavy a dispečinku;jen vnitřní tepelné rozvody jednotlivého bytu bez výrobny a dispečinku;odst. I, písm. D.1 a D.2 přílohy k NV č. 432/2010 Sb.;36;87;reviewed;individuálně upravené možnosti;
P1;Elektronické komunikace;Zajišťováním sítě elektronických komunikací se rozumí;zřízení této sítě, její provozování a dohled nad ní nebo její zpřístupnění;jen prodej koncových telefonů bez zřízení a provozu komunikační sítě;výhradně výroba kabelů bez zpřístupnění či provozování sítě;pouhé přidělení telefonního čísla bez zřízení, provozování, dohledu či zpřístupnění sítě;§ 2 odst. 1 písm. e) zákona č. 127/2005 Sb.;37;88;reviewed;individuálně upravené možnosti;
P2;Elektronické komunikace;Koncovým bodem sítě rozumíme;fyzický bod, ve kterém je koncovému uživateli poskytován přístup k veřejné komunikační síti;výlučně uzel v síti operátora, do kterého koncový uživatel přístup nemá;jen centrální datové úložiště bez přístupu koncového uživatele k veřejné síti;pouze objekt, v němž se vyrábějí telefony bez poskytování přístupu uživatelům;§ 2 odst. 2 písm. f) zákona č. 127/2005 Sb.;37;88;reviewed;individuálně upravené možnosti;
P3;Elektronické komunikace;Elektronickým komunikačním zařízením rozumíme;technické zařízení pro vysílání, přenos, směrování, spojování nebo příjem signálů prostřednictvím elektromagnetických vln;pouze technické zařízení pro měření průtoku vody bez přenosu signálů;jen pasivní stavební konstrukce bez zařízení pro příjem nebo vysílání signálů;výhradně potrubí určené k přepravě plynu namísto elektromagnetických signálů;§ 2 odst. 2 písm. c) zákona č. 127/2005 Sb.;37;88;reviewed;individuálně upravené možnosti;
P4;Elektronické komunikace;Co se rozumí veřejnou komunikační sítí?;jedná se o síť elektronických komunikací, která slouží zcela nebo převážně k poskytování veřejně dostupných služeb elektronických komunikací;síť sloužící výhradně pro interní komunikaci jediné firmy bez veřejně dostupných služeb;samotná elektroinstalace domácnosti bez služby elektronických komunikací;výlučně silniční síť pro přepravu poštovních zásilek;§ 2 odst. 2 písm. d) zákona č. 127/2005 Sb.;37;88;reviewed;individuálně upravené možnosti;
P5;Elektronické komunikace;Které činnosti elektronických komunikací se mj. uskutečňují ve veřejném zájmu?;zajišťování veřejné komunikační sítě, poskytování veřejně dostupné služby elektronických komunikací a zavádění vysokorychlostních sítí elektronických komunikací;jen soukromý prodej koncových telefonů bez zajišťování veřejné sítě;pouze zřizování neveřejných vnitrofiremních sítí bez veřejně dostupných služeb;výhradně výroba stožárů bez poskytování služeb elektronických komunikací;§ 7 odst. 2 zákona č. 127/2005 Sb.;37;88;reviewed;individuálně upravené možnosti;
P6;Elektronické komunikace;Jaké jsou povinnosti osob, které budou provádět stavební práce v ochranném pásmu veřejné komunikační sítě?;provést opatření, aby nedošlo k poškození vedení komunikační sítě. To se týká i provádění hluboké orby na zemědělských pozemcích, zemních prací a terénních úprav;mohou bez opatření poškodit vedení, pokud jde o hlubokou orbu;povinnost zabránit poškození se nevztahuje na zemní práce v ochranném pásmu;postačí písemně nahlásit škodu po provedení prací, preventivní opatření se nevyžadují;§ 101 odst. 1 zákona č. 127/2005 Sb.;37;88;reviewed;individuálně upravené možnosti;
P7;Elektronické komunikace;Kdy vzniká ochranné pásmo podzemního komunikačního vedení?;dnem nabytí právní moci rozhodnutí o povolení záměru, nebo uvedením sítě nebo zařízení elektronických komunikací do užívání;až v okamžiku, kdy první uživatel zaplatí za připojení;výlučně při zápisu kabelu do katastru nemovitostí;pouze dnem uzavření smlouvy mezi operátorem a koncovým zákazníkem;§ 102 odst. 1 zákona č. 127/2005 Sb.;37;88;reviewed;individuálně upravené možnosti;
P8;Elektronické komunikace;Jak je definována šířka ochranného pásma podzemního vedení elektronických komunikací;ochranné pásmo činí 0,5 m po stranách krajního vedení;ochranné pásmo činí 1 m po stranách krajního vedení;ochranné pásmo činí 2 m po stranách krajního vedení;ochranné pásmo činí 0,5 m pouze na jedné straně krajního vedení;§ 102 odst. 2 zákona č. 127/2005 Sb.;37;88;reviewed;individuálně upravené možnosti;
P9;Elektronické komunikace;Činnosti prováděné v ochranném pásmu podzemního komunikačního vedení, které by znemožňovaly přístup k tomuto vedení, je možné vykonat jen;po předchozím souhlasu vlastníka vedení;bez předchozího souhlasu vlastníka vedení, pokud se práce jen ohlásí obci;pouze na základě souhlasu sousedního vlastníka pozemku bez souhlasu vlastníka vedení;automaticky při každé zemní práci bez předchozího souhlasu vlastníka vedení;§ 102 odst. 4 zákona č. 127/2005 Sb.;37;88;reviewed;individuálně upravené možnosti;
P10;Elektronické komunikace;Podnikatel zajišťující výstavbu a provoz podzemního komunikačního vedení sítě elektronických komunikací je povinen;uzavřít s vlastníkem dotčené nemovité věci písemnou smlouvu o smlouvě budoucí o zřízení služebnosti;postačuje ústní dohoda s nájemcem bez vlastníka dotčené nemovitosti;uzavřít smlouvu pouze s dodavatelem kabelu bez vlastníka nemovité věci;nemusí uzavřít žádnou písemnou smlouvu o budoucím zřízení služebnosti s vlastníkem;§ 104 odst. 3 zákona č. 127/2005 Sb.;37;88;reviewed;individuálně upravené možnosti;
P11;Elektronické komunikace;Nadzemním komunikačním vedením se rozumí;drátové, kabelové nebo bezdrátové vedení, včetně souvisejícího elektronického komunikačního zařízení, postavené nad zemí, vně nebo uvnitř budov;výlučně kabel položený pod povrchem země bez nadzemní části;jen podzemní kanalizační potrubí bez zařízení pro komunikaci;pouze kabelový rozvaděč uložený nad terénem, bez jakéhokoli nadzemního vedení;§ 104 odst. 9 zákona č. 127/2005 Sb.;37;88;reviewed;individuálně upravené možnosti;
P12;Elektronické komunikace;Podzemním komunikačním vedením se rozumí;kabelové vedení, včetně kabelových souborů a zařízení uložených pod povrchem země a kabelových rozvaděčů uložených nad úrovní terénu;výhradně drátové vedení zavěšené mezi stožáry bez podzemního kabelu;jen bezdrátové šíření signálu ve vzduchu bez kabelového vedení;pouze nadzemní venkovní vedení bez zařízení pod povrchem země;§ 104 odst. 12 zákona č. 127/2005 Sb.;37;88;reviewed;individuálně upravené možnosti;
P13;Elektronické komunikace;Náklady na vynucenou překládku vedení veřejné komunikační sítě elektronických komunikací hradí;stavebník, který překládku vyvolal;vždy vlastník překládaného vedení i tehdy, když překládku vyvolal jiný stavebník;výhradně obec bez ohledu na to, kdo překládku vyvolal;vždy koncový uživatel, který výstavbu ani překládku nevyvolal;§ 104 odst. 18 zákona č. 127/2005 Sb.;37;88;reviewed;individuálně upravené možnosti;
P14;Elektronické komunikace;Povinnou osobou podle zákona č. 194/2017 Sb., o opatřeních ke snížení nákladů na zavádění vysokorychlostních sítí elektronických komunikací, není;Ministerstvo obrany, Ministerstvo vnitra a bezpečnostní sbory;provozovatel fyzické infrastruktury, na nějž se zákon vztahuje;provozovatel dopravní infrastruktury, na nějž se zákon vztahuje;provozovatel energetické infrastruktury, na nějž se zákon vztahuje;§ 2 písm. c) bod 5. zákona č. 194/2017 Sb.;37;88;reviewed;individuálně upravené možnosti;
P15;Elektronické komunikace;Oprávněnou osobou podle zákona č. 194/2017 Sb., o opatřeních ke snížení nákladů na zavádění vysokorychlostních sítí elektronických komunikací, je;provozovatel veřejné komunikační sítě a povinný orgán;výhradně osoba bez práva provozovat veřejnou komunikační síť a bez postavení povinného orgánu;pouze běžný odběratel telefonní služby bez provozování sítě;výhradně dodavatel stavebních materiálů bez veřejné komunikační sítě;§ 2 písm. d) zákona č. 194/2017 Sb.;38;89;reviewed;individuálně upravené možnosti;
P16;Elektronické komunikace;Co rozumíme pod pojmem vysokorychlostní síť elektronických komunikací?;jedná se o síť umožňující poskytování služeb připojení o rychlosti nejméně 30 Mb/s;síť, která vždy umožňuje připojení pouze 1 Mb/s;síť, která umožňuje připojení nejvýše 10 Mb/s;síť, která nedokáže poskytnout připojení rychlostí 30 Mb/s;§ 2 písm. e) zákona č. 194/2017 Sb.;38;89;reviewed;individuálně upravené možnosti;
P17;Elektronické komunikace;Co rozumíme přípojkou elektronických komunikací?;jedná se o část sítě elektronických komunikací, která umožňuje připojení koncového bodu vstupu komunikačního vedení do budovy nebo na pozemek s koncovým bodem;pouze konečné uživatelské zařízení bez části komunikační sítě;výhradně kabel mezi dvěma datovými centry bez připojení koncového bodu budovy nebo pozemku;samotná rozvodná elektrická síť bez propojení bodu vstupu komunikačního vedení s koncovým bodem;§ 2 písm. i) zákona č. 194/2017 Sb.;38;89;reviewed;individuálně upravené možnosti;
P18;Elektronické komunikace;Který orgán zabezpečuje činnost Jednotného informačního místa?;Český telekomunikační úřad;výhradně katastrální úřad;výhradně Státní energetická inspekce;výhradně Český báňský úřad;§ 3 odst. 1 zákona č. 194/2017 Sb.;38;89;reviewed;individuálně upravené možnosti;
P19;Elektronické komunikace;Za jakých podmínek umožní povinná osoba oprávněné osobě přístup k fyzické infrastruktuře podle zákona č. 194/2017 Sb., o opatřeních ke snížení nákladů na zavádění vysokorychlostních sítí elektronických komunikací?;za spravedlivých, přiměřených a nediskriminačních podmínek na základě žádosti a na její náklady;bez žádosti a výhradně za podmínek určených libovolně povinnou osobou;pouze za diskriminačních podmínek, které ostatním žadatelům nejsou dostupné;vždy bez nákladů oprávněné osoby, ať jsou skutečné náklady jakékoli;§ 4 odst. 1 zákona č. 194/2017 Sb.;38;89;reviewed;individuálně upravené možnosti;
P20;Elektronické komunikace;Jaké právo má oprávněná osoba, pokud je při zavádění nové vysokorychlostní sítě elektronických komunikací uvnitř budovy technicky nemožné nebo ekonomicky neefektivní vybudování nové fyzické infrastruktury uvnitř budovy, podle zákona č. 194/2017 Sb., o opatřeních ke snížení nákladů na zavádění vysokorychlostních sítí elektronických komunikací?;právo na přístup ke kterékoli stávající fyzické infrastruktuře uvnitř budovy nebo k přístupovému bodu budovy.;právo bez dalšího demontovat stávající infrastrukturu uvnitř budovy;jen právo odpojit ostatní operátory od přístupového bodu;pouze právo využít cizí pozemek mimo budovu, nikoli stávající infrastrukturu uvnitř budovy;§ 13 odst. 2 zákona č. 194/2017 Sb.;38;89;reviewed;individuálně upravené možnosti;
P21;Elektronické komunikace;Co rozumíme pod pojmem přístupový bod budovy?;fyzický bod, jehož prostřednictvím je více operátorům současně umožněno připojení k fyzické infrastruktuře uvnitř budovy připravené pro připojení o rychlosti nejméně 30 Mb/s;pouze osobní účet jediného uživatele bez fyzického bodu budovy;bod, který umožňuje připojení jen jednoho operátora a vylučuje všechny ostatní;výhradně elektroměr budovy bez možnosti připojení k fyzické komunikační infrastruktuře;§ 2 písm. f) zákona č. 194/2017 Sb.;38;89;reviewed;individuálně upravené možnosti;
P22;Elektronické komunikace;Infrastrukturou elektronických komunikací se pro účely zákona č. 416/2009 Sb., o urychlení strategicky významné infrastruktury, rozumí:;stavba komunikačního vedení veřejné komunikační sítě jako technické infrastruktury elektronických komunikací a související komunikační zařízení, včetně jejich elektrických přípojek;jen uživatelský mobilní telefon bez stavby komunikačního vedení;výhradně potrubí pro zásobování budovy plynem bez komunikačního vedení;pouze dopravní značka bez veřejné komunikační sítě a souvisejících zařízení;§ 1 odst. 11 zákona č. 416/2009 Sb.;38;89;reviewed;individuálně upravené možnosti;
P23;Elektronické komunikace;Přípoloží se pro účely zákona č. 416/2009 Sb., o urychlení strategicky významné infrastruktury, rozumí;podzemní stavba infrastruktury elektronických komunikací, která se přikládá stavbě pozemní komunikace, nebo dráhy, nebo k podzemní stavbě kanalizace, energetického vedení, veřejného osvětlení, produktovodu nebo vedení sítě elektronických komunikací;výhradně nadzemní stožárová stavba přikládaná k pozemní komunikaci;samostatná budova operátora bez přiložení k uvedené stavbě nebo podzemní síti;samotný mobilní telefon uživatele bez podzemní stavby infrastruktury;§ 1 odst. 12 zákona č. 416/2009 Sb.;38;89;reviewed;individuálně upravené možnosti;
P24;Elektronické komunikace;Do jaké délky přípojky elektronických komunikací není třeba rozhodnutí o povolení záměru podle stavebního zákona?;"do délky 100 m; to neplatí v případech, kdy je vyžadováno závazné stanovisko k posouzení vlivů provedení v záměru na životní prostředí podle zákona o posuzování vlivů na životní prostředí";do délky 100 m i při požadavku na závazné stanovisko k vlivům na životní prostředí, bez výjimky;do délky 50 m bez ohledu na povinnost závazného stanoviska k vlivům na životní prostředí;do délky 200 m bez ohledu na povinnost závazného stanoviska k vlivům na životní prostředí;§ 2i odst. 1 zákona č. 416/2009 Sb.;38;89;reviewed;individuálně upravené možnosti;
P25;Elektronické komunikace;Kdy stavba přípolože nevyžaduje povolení stavebního úřadu, ani závazné stanovisko nebo rozhodnutí orgánu státní památkové péče?;pokud ochranné pásmo přípolože nepřekročí hranici ochranného pásma stavby, v jehož prostoru se přípolož přikládá, a stavebník přípolože a stavebník stavby, ke které se přípolož přikládá, uzavřeli dohodu o přípoloži, v níž sjednali svá práva a povinnosti při provádění stavby a následném provozování obou staveb a určili jejich vzájemnou polohu;i když pásmo přípolože překročí hranici ochranného pásma původní stavby a stavebníci žádnou dohodu neuzavřou;pouze při ústní dohodě stavbyvedoucích bez dohody obou stavebníků;bez určení vzájemné polohy obou staveb a bez sjednání práv a povinností při jejich provozování;§ 2i odst. 3 zákona č. 416/2009 Sb.;38;89;reviewed;individuálně upravené možnosti;
R1;Hospodaření energií;Energetickou náročností budovy je:;vypočtené množství energie nutné pro pokrytí potřeby energie spojené s užíváním budovy, zejména na vytápění, chlazení, větrání, úpravu vlhkosti vzduchu, přípravu teplé vody a osvětlení;výhradně skutečná cena elektřiny na faktuře bez výpočtu potřeb energie budovy;pouze množství pitné vody dodané budově;jen celková plocha oken bez výpočtu energií potřebných k užívání budovy;§ 2 odst. 1 písm. f) zákona o hospodaření energií;39;90;reviewed;individuálně upravené možnosti;
R2;Hospodaření energií;Průkazem energetické náročnosti je:;dokument, který obsahuje stanovené informace o energetické náročnosti budovy nebo ucelené části budovy;pouze faktura za elektřinu bez stanovených informací o energetické náročnosti;výhradně stavební deník bez informací o energetické náročnosti;jen půdorys budovy bez stanovených údajů o energetické náročnosti;§ 2 odst. 1 písm. m) zákona o hospodaření energií;39;90;reviewed;individuálně upravené možnosti;
R3;Hospodaření energií;Energetickým auditem je:;systematická kontrola a analýza spotřeby energie za účelem získání dostatečných znalostí o stávajícím nakládání s energií v energetickém hospodářství, která identifikuje a kvantifikuje možnosti nákladově efektivních úspor energie a podává zprávy o zjištěních;pouze vyúčtování spotřeby energie bez analýzy a možností úspor;jen marketingová nabídka dodavatele energie bez kontroly hospodářství;výhradně plán nových staveb bez analýzy spotřeby energie a bez zprávy o zjištěních;§ 2 odst. 1 písm. n) zákona o hospodaření energií;39;90;reviewed;individuálně upravené možnosti;
R4;Hospodaření energií;Státní energetická koncepce je:;strategický dokument vyjadřující cíle státu v nakládání s energií v souladu se zásadami trvale udržitelného rozvoje, zajištěním bezpečnosti dodávek energie, konkurenceschopnosti hospodářství a sociální přijatelnosti pro obyvatelstvo a je přijímána na období 25 let;výhradně cenový ceník dodavatele tepla na jeden měsíc;pouze plán spotřeby energie v jedné budově bez cílů státu;jednorázový stavební rozpočet bez bezpečnosti dodávek a rozvojové koncepce;§ 3 odst. 1 zákona o hospodaření energií;39;90;reviewed;individuálně upravené možnosti;
R5;Hospodaření energií;Z čeho vychází základní územní energetické koncepce a co obsahuje?;"vychází ze státní energetické koncepce a stanoví cíle a zásady nakládání s energií na území kraje, hlavního města Prahy, jeho městských částí nebo obce; zpracovává se na období 25 let";pouze plán vytápění jedné místnosti bez územních cílů;koncepce, která zcela ignoruje státní energetickou koncepci a nezabývá se cíli kraje či obce;jen obchodní ceník jediného dodavatele bez zásad nakládání s energií v území;§ 4 odst. 1 zákona o hospodaření energií;39;90;reviewed;individuálně upravené možnosti;
R6;Hospodaření energií;U jakého provozovaného systému vytápění budovy nebo kombinovaného systému vytápění a větrání budovy je povinen vlastník budovy, nebo společenství vlastníků jednotek nebo v případě, že společenství vlastníků jednotek nevzniklo, správce zařízení zajistit pravidelnou kontrolu?;u systémů se jmenovitým výkonem vyšším než 70 kW;u všech systémů bez ohledu na jmenovitý výkon včetně nulového výkonu;výhradně u systémů s výkonem 10 kW a nižším;nikdy u systému s výkonem vyšším než 70 kW;§ 6a odst. 2 zákona o hospodaření energií;39;90;reviewed;individuálně upravené možnosti;
R7;Hospodaření energií;Jak stavebník dokládá v případě výstavby nové budovy povinnost splnění požadavků na energetickou náročnost budovy?;při podání žádosti o vydání kolaudačního rozhodnutí průkazem energetické náročnosti budovy zpracovaným podle skutečného provedení stavby;pouze čestným prohlášením bez průkazu zpracovaného podle skutečného provedení;výhradně fakturou za stavbu při kolaudaci bez průkazu energetické náročnosti;jen průkazem pro původní návrh i při odlišném skutečném provedení stavby;§ 7 odst.1 zákona o hospodaření energií;39;90;reviewed;individuálně upravené možnosti;
R8;Hospodaření energií;Kdo je povinen vybavit vnitřní tepelná zařízení budov přístroji regulujícími dodávku tepelné energie v rozsahu stanoveném prováděcím právním předpisem?;stavebník, vlastník budovy nebo společenství vlastníků jednotek nebo v případě, že společenství vlastníků jednotek nevzniklo, správce;pouze dodavatel stavebních materiálů bez ohledu na vlastníka či stavebníka;výhradně energetický specialista namísto stavebníka, vlastníka či správce;pouze obecní úřad za každého vlastníka bez ohledu na okolnosti;§ 7 odst. 4 písm. a) zákona o hospodaření energií;39;90;reviewed;individuálně upravené možnosti;
R9;Hospodaření energií;Musí být požadavky na energetickou náročnost budovy splněny vždy a u všech budov?;Ne, pokud patří do vybraných budov podle zákona č. 406/2000 Sb., o hospodaření energií;Ano, bez jediné výjimky i u budov, pro které zákon stanoví výjimku;Ano, každá budova musí vždy splnit naprosto stejné požadavky bez ohledu na zákonné výjimky;Ne, požadavky nemusí splnit žádná budova ani mimo zákonné výjimky;§ 7 odst. 5 zákona o hospodaření energií;39;90;reviewed;individuálně upravené možnosti;
R10;Hospodaření energií;Musí požadavky na energetickou náročnost budov splňovat budovy, které jsou kulturní památkou, anebo nejsou kulturní památkou, ale nacházejí se v památkové rezervaci nebo památkové zóně?;"Ne, pokud by to výrazně změnilo jejich charakter nebo vzhled; tuto skutečnost stavebník, vlastník budovy, společenství vlastníků jednotek nebo v případě, že společenství vlastníků jednotek nevzniklo, správce doloží závazným stanoviskem orgánu státní památkové péče";Ano, vždy i když by to výrazně změnilo charakter nebo vzhled památky;Ne, bez ohledu na charakter památky a bez doložení závazným stanoviskem památkové péče;Ano, pokud památkový orgán potvrdí, že by to výrazně změnilo jejich vzhled;§ 7 odst. 5, bod b) zákona o hospodaření energií;39;90;reviewed;individuálně upravené možnosti;
R11;Hospodaření energií;Kdo je povinen opatřit průkaz energetické náročnosti budovy?;stavebník, vlastník budovy nebo společenství vlastníků jednotek nebo v případě, že společenství vlastníků jednotek nevzniklo, správce;výhradně prodejce oken bez postavení stavebníka, vlastníka nebo správce;pouze zhotovitel stavby místo stavebníka, vlastníka či společenství vlastníků;jen katastrální úřad za každého vlastníka budovy;§ 7a odst. 1 zákona o hospodaření energií;39;90;reviewed;individuálně upravené možnosti;
R12;Hospodaření energií;Kdo smí vypracovat průkaz energetické náročnosti budovy?;energetický specialista;kdokoli bez odborného oprávnění energetického specialisty;výhradně vlastník budovy bez odborné způsobilosti;pouze dodavatel oken bez oprávnění energetického specialisty;§ 10 odst. 1 zákona o hospodaření energií;39;90;reviewed;individuálně upravené možnosti;
R13;Hospodaření energií;Jsou některé osoby osvobozeny od provedení energetického auditu?;Ano, mají-li pro své energetické hospodářství zavedený a akreditovanou osobou certifikovaný systém hospodaření s energií podle harmonizované technické normy upravující systém managementu hospodaření s energií, jehož rozsah odpovídá rozsahu energetického auditu;Ano, vždy i bez jakéhokoli certifikovaného systému hospodaření s energií;Ne, ani při zavedeném akreditovanou osobou certifikovaném systému odpovídajícího rozsahu;Ano, pokud mají jen necertifikovaný interní seznam spotřebičů bez systému managementu energie;§ 9 odst. 5 zákona o hospodaření energií;40;91;reviewed;individuálně upravené možnosti;
R14;Hospodaření energií;Může energetický audit na území České republiky provést také osoba, která je usazena v jiném členském státě Evropské unie?;Ano, pokud je osobou usazenou v jiném členském státě Unie, která je oprávněna k výkonu uvedené činnosti podle právních předpisů jiného členského státu Evropské unie;Ne, usazení v jiném státě Evropské unie výkon auditu v České republice vždy vylučuje;Ano, bez jakéhokoli oprávnění k výkonu této činnosti podle práva jiného členského státu;Ano, stačí ústní žádost stavebníka, přestože osoba nemá oprávnění ani v domovském státě;§ 9 odst. 8 zákona o hospodaření energií;40;91;reviewed;individuálně upravené možnosti;
R15;Hospodaření energií;Jak vznikne oprávnění energetického specialisty k vybraným činnostem podle zákona č. 406/2000 Sb., o hospodaření energií?;na základě udělení oprávnění k výkonu činnosti energetického specialisty Ministerstvem průmyslu a obchodu;automaticky absolvováním jakéhokoli krátkého školení bez udělení oprávnění ministerstvem;výhradně zápisem do katastru nemovitostí bez udělení oprávnění;pouhým nákupem měřicího přístroje bez udělení oprávnění ministerstvem;§ 10 odst. 1 zákona o hospodaření energií;40;91;reviewed;individuálně upravené možnosti;
R16;Hospodaření energií;Kdo může provádět instalaci vybraných zařízení vyrábějících energii z obnovitelných zdrojů energie?;fyzická nebo právnická osoba, která je držitelem živnostenského oprávnění v zákoně určených oborech;kdokoli bez oprávnění pro zákonem určené obory;pouze vlastník budovy i bez příslušného živnostenského oprávnění;výhradně obecní úřad namísto osoby s příslušným živnostenským oprávněním;§ 10d odst. 1 zákona o hospodaření energií;40;91;reviewed;individuálně upravené možnosti;
R17;Hospodaření energií;Co je účelem energetické služby podle zákona č. 406/2000 Sb., o hospodaření energií?;ověřitelné a měřitelné nebo výpočtem stanovené zvýšení účinnosti užití energie nebo úspory spotřeby energie prostřednictvím energeticky účinných technologií nebo provozních činností, údržby nebo kontroly;pouze nárůst spotřeby energie bez zvýšení účinnosti či úspor;výlučně jednorázový prodej paliva bez měřitelného nebo vypočteného výsledku;jen změna značky spotřebiče bez zvýšení účinnosti a bez úspory energie;§ 10e odst. 1 zákona o hospodaření energií;40;91;reviewed;individuálně upravené možnosti;
R18;Hospodaření energií;Kdo vede seznam energetických specialistů v souladu se zákonem č. 406/2000 Sb., o hospodaření energií?;Ministerstvo průmyslu a obchodu;výhradně katastrální úřad;výhradně Český báňský úřad;výhradně obecní stavební úřad;§ 10c odst. 1 zákona o hospodaření energií;40;91;reviewed;individuálně upravené možnosti;
R19;Hospodaření energií;Co se považuje za technický systém budov ve smyslu zákona č. 406/2000 Sb., o hospodaření energií?;zařízení určené k prostorovému vytápění, prostorovému chlazení, větrání, úpravě vlhkosti vzduchu a osvětlení vnitřního prostoru budovy, přípravě teplé vody, automatizaci a řízení, místní výrobě elektřiny nebo kombinace těchto systémů včetně těch, které využívají energii z obnovitelných zdrojů;pouze stavební nosné zdi bez zařízení pro vytápění, větrání, osvětlení či další uvedené funkce;výhradně vodovodní přípojka mimo budovu bez technických systémů budovy;jen vnější dopravní značení bez zařízení pro nakládání s energií uvnitř budovy;§ 2 odst. u zákona o hospodaření energií;40;91;reviewed;individuálně upravené možnosti;
